cg_subtype	strain_count
B9|E1|A11|H1|A11|N3|B|B	1
B4|E1|A8|H1|A11|N2|B|B	1
B10|E1|A3|H7|A11|N5|B|B	1
B8|E1|A10|H3|A11|N2|B|A	2
B3|E1|A10|H4|A11|N9|B|A	2
B5|E1|A8|H6|A11|N8|B|B	1
B9|E1|A10|H4|A11|N6|B|A	25
B9|E1|A10|H11|A11|N5|B|A	1
B9|E1|A10|H9|A11|N8|A|A	1
B3|E1|A7|H2|A11|N1|B|A	1
A5|D1|A12|H3|A11|N2|A|A	1
B9|E1|A3|H7|A11|N6|B|B	1
B4|E1|A11|H10|A11|N7|B|A	1
B9|E1|A7|H6|A11|N2|B|B	1
B10|E1|A11|H1|A11|N3|B|A	2
B7|C1|A7|H1|A3|N2|B|A	1
B8|E1|A7|H6|A11|N6|B|A	3
A3|D1|A12|H4|A11|N8|B|A	5
A5|D1|A5|H6|A8|N1|A|B	1
B10|E1|A10|H2|A11|N8|B|A	1
A3|D1|A12|H4|A8|N8|A|A	3
A3|B1|A12|H4|A9|N4|A|A	1
B4|E1|A11|H4|A11|N8|B|A	1
A4|D1|A12|H3|A8|N1|A|A	2
A5|D1|A12|H6|A11|N2|A|B	4
B9|E1|A11|H1|A11|N1|B|B	49
A4|D1|A12|H3|A8|N8|A|B	1
B10|E1|A11|H6|A11|N2|B|B	5
B9|E1|A3|H2|A11|N3|B|B	2
B10|E1|A3|H6|A11|N5|B|B	7
B8|E1|A11|H4|A11|N8|B|A	1
A3|D1|A4|H1|A3|N1|B|A	1
A4|E1|A3|H1|A8|N2|A|A	1
B8|E1|A10|H6|A11|N8|B|B	1
B2|C1|A7|H3|A2|N2|B2|A	2
B8|E1|A10|H11|A11|N1|B|A	1
B9|E1|A7|H4|A11|N3|B|A	1
A5|D1|A12|H9|A8|N3|A|A	1
B6|C1|A7|H3|A3|N1|B1|X	1
A3|D1|A12|H2|A8|N7|A|A	9
B10|E1|A10|H4|A11|N9|B|A	2
A5|D1|A12|H10|A8|N8|A|A	16
B10|E1|A11|H5|A8|N2|B|B	1
B10|E1|A3|H7|A11|N3|B|B	4
B10|E1|A7|H14|A11|N8|B|B	2
B10|E1|A11|H5|A11|N6|B|A	1
B2|C1|A1|H3|A2|N2|A|A	2
A5|D1|A12|H1|A8|N6|A|B	1
B9|E1|A11|H3|A8|N8|B|B	2
B4|E1|A3|H3|A11|N1|B|A	1
B3|E1|A11|H2|A11|N3|B|A	1
B8|E1|A3|H11|A11|N7|B|A	3
B8|E1|A12|H6|A11|N6|B|A	1
B4|E1|A10|H6|A11|N8|B|B	4
B9|E1|A3|H6|A11|N2|B|B	3
A5|D1|A12|H10|A6|N5|A|A	3
B10|E1|A10|H6|A11|N1|B|B	3
B10|E1|A10|H14|A11|N6|B|B	1
B10|E1|A7|H6|A11|N2|B|B	1
B10|E1|A11|H4|A11|N6|B|B	48
A5|D1|A12|H9|A8|N2|A|A	261
B4|E1|A3|H6|A11|N1|B|B	1
A3|D1|A12|H9|A8|N1|A|A	1
B4|E1|A7|H4|A11|N8|B|B	2
B5|E1|A10|H4|A11|N6|B|A	3
B9|E1|A7|H10|A11|N8|B|A	3
B10|E1|A3|H10|A11|N9|B|B	2
B9|E1|A3|H3|A11|N7|B|A	9
A5|D1|A5|H2|A8|N8|A|B	1
A3|D1|A12|H2|A11|N6|A|A	1
A4|D1|A12|H7|A8|N7|A|A	32
B4|E1|A11|H1|A11|N1|B|B	3
B4|E1|A10|H10|A11|N7|B|A	1
B3|E1|A8|H3|A11|N8|B|B	6
A3|D1|A12|H4|A11|N8|A|A	1
A3|D1|A4|H3|A3|N2|B|A	1
B3|E1|A10|H3|A11|N8|B|A	2
B9|E1|A11|H12|A11|N9|B|A	1
B9|E1|A11|H4|A11|N1|B|B	2
A3|D1|A12|H5|A8|N1|A|B	16
B9|E1|A1|H1|A3|N1|B1|X	3
B8|E1|A7|H12|A11|N5|B|B	4
B10|E1|A10|H4|A11|N2|B|A	2
B8|E1|A11|H7|A11|N1|B|B	1
B9|E1|A3|H1|A11|N1|B|A	50
B10|E1|A12|H2|A11|N3|B|B	10
A4|D1|A12|H7|A8|N1|A|A	2
A4|D1|A5|H6|A8|N2|A|A	178
A4|D1|A12|H6|A8|N2|A|B	1
B4|E1|A11|H5|A11|N1|B|A	20
B5|E1|A10|H1|A11|N1|B|A	4
B9|E1|A7|H3|A11|N1|B|B	1
B5|E1|A3|H2|A11|N1|B|A	1
B9|E1|A3|H7|A11|N1|B|A	4
A3|D1|A7|H6|A8|N2|A|B	2
B10|E1|A12|H3|A11|N9|B|A	5
B3|E1|A7|H6|A11|N2|B|A	2
A5|D1|A12|H1|A8|N1|A|A	61
B4|E1|A3|H7|A8|N3|B|A	1
B8|E1|A7|H4|A11|N6|B|B	11
B9|E1|A7|H5|A11|N2|B|B	2
A5|D1|A5|H7|A8|N6|A|A	3
B10|E1|A12|H5|A11|N5|B|B	1
A3|C1|A1|H3|A2|N2|B1|A	1
B10|D1|A7|H3|A11|N8|B|B	5
B9|E1|A11|H5|A11|N1|B|A	1
B9|E1|A11|H9|A11|N5|B|A	2
B5|E1|A10|H9|A11|N5|A|A	2
B10|E1|A11|H10|A11|N6|B|B	1
B8|E1|A7|H3|A11|N8|B|A	12
B10|E1|A3|H7|A8|N1|B|A	1
A3|D1|A4|H1|A8|N2|B|A	102
B9|E1|A11|H6|A11|N1|B|A	26
B4|E1|A7|H10|A11|N1|B|A	1
A3|D1|A12|H10|A8|N8|A|A	5
B8|E1|A12|H3|A11|N8|B|B	1
B8|E1|A11|H3|A11|N6|B|B	1
B10|E1|A12|H11|A11|N9|B|B	3
B10|E1|A3|H2|A11|N5|B|B	2
A5|D1|A12|H12|A8|N2|A|A	11
A3|D1|A5|H2|A8|N7|A|A	2
B1|E1|A2|H7|A5|N3|B|B	1
B9|E1|A11|H5|A11|N8|B|A	1
B4|E1|A8|H5|A11|N2|B|B	19
B9|E1|A11|H5|A11|N2|B|A	35
A2|D1|A6|H2|A8|N7|A|A	1
A4|D1|A12|H5|A8|N6|A|A	274
B9|E1|A7|H6|A11|N1|B|B	1
A3|D1|A12|H8|A8|N2|A|A	1
B10|E1|A11|H1|A11|N8|B|A	16
B1|E1|A10|H6|A4|N1|B|A	6
B5|E1|A10|H9|A11|N1|A|A	6
B9|E1|A12|H9|A11|N2|B|B	1
A1|E1|A8|H13|A7|N2|B|A	1
B3|E1|A7|H7|A11|N3|B|A	2
A5|E1|A12|H1|A8|N2|A|A	2
B4|E1|A11|H11|A11|N9|B|A	1
B9|E1|A3|H2|A11|N9|B|A	2
A3|D1|A12|H10|A8|N8|B|B	2
B10|E1|A3|H1|A11|N1|B|A	43
A5|D1|A12|H8|A11|N4|A|A	2
A4|D1|A12|H6|A8|N6|A|A	80
B9|E1|A3|H12|A11|N5|B|A	23
B9|E1|A3|H5|A11|N2|B|B	12
B5|C1|A7|H1|A3|N2|B|X	9
B10|E1|A10|H6|A11|N5|B|B	2
B4|E1|A11|H4|A11|N5|B|A	1
B7|C1|A7|H1|A3|N2|A|A	1
A5|D1|A12|H11|A8|N8|A|A	3
B8|E1|A11|H7|A11|N9|B|B	1
A5|E1|A12|H6|A8|N2|A|A	2
A5|D1|A12|H6|A11|N8|A|B	2
B9|E1|A7|H12|A11|N4|B|B	1
A3|D1|A4|H3|A8|N2|A|X	1
A3|D1|A12|H1|A8|N3|A|A	10
B2|C1|A1|H1|A2|N2|B|A	1
B10|E1|A3|H7|A11|N3|B|A	119
B9|E1|A7|H4|A11|N6|B|A	19
B4|E1|A11|H2|A11|N5|B|A	1
B9|E1|A3|H12|A11|N4|B|A	5
B5|C1|A7|H3|A3|N2|A|X	1
B10|E1|A3|H11|A11|N9|B|A	28
B8|E1|A10|H6|A11|N6|B|A	1
B9|E1|A10|H6|A8|N8|B|A	1
B9|E1|A3|H4|A8|N6|B|B	1
A3|D1|A7|H3|A11|N8|A|A	1
B4|E1|A11|H10|A11|N3|B|A	2
B10|E1|A11|H7|A11|N6|B|A	9
B10|E1|A3|H7|A11|N1|B|A	15
B9|E1|A11|H10|A11|N4|B|A	1
B10|E1|A7|H8|A11|N4|B|A	2
A3|D1|A12|H7|A8|N3|A|B	4
A5|D1|A12|H9|A8|N2|A|B	13
B2|E1|A1|H2|A2|N2|B2|A	85
B9|E1|A10|H12|A11|N9|B|B	1
B3|E1|A7|H8|A11|N4|B|A	2
B9|E1|A7|H3|A11|N3|B|A	2
B3|E1|A10|H2|A11|N8|A|A	1
B9|A1|A1|H1|A2|N1|B|A	1
A3|D1|A12|H9|A8|N6|A|A	1
B8|E1|A7|H6|A11|N2|B|B	2
A4|D1|A12|H4|A8|N6|A|A	2
B10|E1|A3|H3|A11|N6|B|A	16
A4|E1|A12|H6|A11|N8|B|B	1
A5|D1|A12|H9|A8|N8|A|B	1
B9|E1|A11|H3|A11|N1|B|B	1
B8|E1|A3|H3|A11|N8|B|B	12
B3|D1|A1|H3|A3|N1|B1|X	1
A4|D1|A7|H5|A8|N8|A|A	1
B9|E1|A12|H8|A11|N4|B|A	1
A3|D1|A12|H5|A8|N3|A|B	4
B9|E1|A11|H10|A11|N7|B|A	6
A3|D1|A7|H5|A8|N1|A|A	3
B10|E1|A10|H5|A11|N8|B|A	3
B10|E1|A2|H10|A5|N2|B|A	1
B8|E1|A11|H6|A11|N1|B|B	2
B8|E1|A3|H11|A11|N7|B|B	1
B4|E1|A7|H7|A11|N3|B|A	3
B10|E1|A11|H1|A11|N1|B|B	82
B9|E1|A8|H11|A11|N9|B|A	4
A4|E1|A7|H4|A8|N6|A|A	1
A3|D1|A7|H7|A8|N2|A|B	17
B5|E1|A11|H6|A11|N2|B|A	1
B5|E1|A3|H11|A11|N1|B|A	3
B1|E1|A2|H12|A4|N5|B|B	2
A3|D1|A5|H11|A8|N2|A|A	1
B4|E1|A10|H4|A11|N9|B|A	5
B9|E1|A3|H4|A11|N1|B|A	2
B8|E1|A7|H6|A11|N3|B|B	1
B1|E1|A2|H1|A4|N1|B|A	2
B10|E1|A11|H2|A11|N3|B|A	36
A3|D1|A4|H1|A3|N2|B|A	3
B8|E1|A7|H4|A11|N1|B|B	1
B10|E1|A3|H2|A11|N1|B|A	1
B10|E1|A11|H3|A11|N6|B|A	10
B9|E1|A10|H8|A11|N4|B|A	12
B2|C1|A1|H1|A2|N2|B1|A	1
A5|D1|A12|H4|A11|N2|A|A	1
B9|E1|A10|H14|A11|N2|B|B	1
A5|D1|A12|H7|A8|N9|A|A	22
B9|E1|A11|H6|A11|N4|B|A	1
B9|E1|A7|H11|A11|N8|B|B	9
A4|D1|A12|H10|A8|N2|A|A	1
A5|D1|A5|H10|A8|N3|A|A	1
A4|E1|A5|H9|A8|N2|A|A	21
B10|E1|A10|H5|A11|N2|B|B	2
B4|E1|A11|H6|A11|N9|B|A	1
A3|D1|A12|H3|A8|N6|A|B	4
B8|E1|A11|H5|A11|N2|B|A	1
B9|E1|A11|H10|A11|N1|B|A	1
B4|E1|A3|H2|A11|N3|B|A	3
B2|B1|A1|H1|A2|N2|B2|A	2
B10|E1|A11|H5|A11|N1|B|A	5
B9|E1|A10|H3|A11|N2|B|B	1
A3|E1|A7|H7|A8|N3|A|A	1
A5|E1|A3|H3|A11|N8|B|B	2
B4|E1|A10|H3|A11|N6|B|A	4
B10|E1|A11|H11|A11|N2|B|B	1
B7|C1|A1|H1|A2|N1|B|A	1
B10|E1|A12|H13|A7|N8|A|A	2
A3|D1|A12|H10|A8|N4|A|A	12
B10|E1|A11|H5|A11|N1|B|B	1
B1|E1|A2|H1|A5|N1|B|B	4
A5|D1|A12|H1|A8|N3|A|A	7
B10|E1|A12|H7|A11|N7|B|A	1
A5|D1|A12|H2|A8|N7|B|A	2
A5|D1|A12|H3|A8|N6|A|A	29
A3|D1|A4|H3|A11|N2|B|X	6
B10|D1|A12|H9|A8|N7|B|A	1
A4|D1|A12|H1|A8|N1|A|B	1
A3|E1|A12|H10|A8|N8|A|A	2
B4|E1|A8|H11|A11|N9|B|A	18
B4|E1|A3|H6|A11|N8|A|A	2
B10|E1|A3|H10|A11|N8|B|B	4
B6|D1|A7|H5|A3|N2|B1|B	1
B3|C1|A1|H1|A2|N2|B2|A	1
B10|E1|A3|H2|A11|N9|B|B	4
B10|E1|A11|H10|A11|N3|B|B	2
B10|E1|A7|H3|A11|N8|B|B	30
A5|D1|A12|H4|A8|N1|A|A	5
B10|E1|A11|H4|A11|N2|B|B	5
B10|E1|A11|H4|A11|N3|B|A	3
B4|E1|A10|H3|A11|N6|B|B	1
B4|E1|A3|H3|A11|N2|A|A	2
B9|E1|A11|H11|A11|N3|B|B	1
B9|E1|A11|H12|A11|N8|B|A	1
B5|E1|A10|H11|A11|N9|B|B	5
B10|E1|A7|H11|A11|N2|B|A	12
B9|E1|A7|H14|A11|N3|B|A	1
B3|D1|A8|H1|A3|N1|B1|X	1
B4|E1|A10|H11|A11|N9|B|B	1
B9|E1|A11|H4|A11|N6|B|A	66
B9|E1|A7|H1|A11|N1|B|B	6
B4|D1|A10|H3|A11|N6|B|A	2
A3|D1|A7|H6|A8|N2|A|A	1
B4|E1|A8|H3|A11|N8|B|A	3
B5|E1|A12|H9|A11|N5|B|A	1
B4|E1|A10|H1|A11|N1|B|B	5
B3|E1|A8|H6|A11|N3|B|A	4
B8|E1|A3|H7|A11|N4|B|A	3
A3|D1|A12|H11|A11|N5|A|B	1
B4|E1|A11|H1|A8|N2|B|A	1
B3|D1|A3|H3|A11|N3|B|A	1
B1|E1|A2|H4|A4|N6|B|A	4
B9|E1|A10|H6|A11|N5|B|B	1
B10|E1|A3|H4|A8|N8|B|B	1
B5|C1|A7|H1|A3|N2|A|X	3
B10|E1|A3|H3|A11|N3|B|A	1
B7|C1|A7|H3|A3|N2|A|A	2
B10|D1|A12|H13|A7|N6|A|A	1
A5|D1|A12|H9|A8|N1|A|B	2
B10|E1|A7|H2|A11|N3|B|A	1
B9|E1|A11|H6|A11|N8|B|B	2
A3|D1|A4|H1|A8|N1|B|A	58
B9|E1|A3|H8|A11|N4|B|A	18
A5|D1|A12|H1|A8|N1|A|B	28
A5|E1|A12|H3|A11|N3|B|B	1
B8|E1|A7|H12|A11|N4|B|A	1
A5|D1|A12|H6|A8|N5|A|B	7
B10|E1|A7|H8|A11|N4|B|B	1
B10|E1|A3|H3|A8|N8|B|B	58
B10|E1|A10|H7|A11|N3|B|A	6
B10|E1|A12|H3|A11|N8|A|A	1
A5|D1|A5|H5|A8|N2|A|A	15
A4|E1|A12|H3|A8|N8|A|A	2
A3|D1|A7|H3|A11|N8|B|A	2
A5|D1|A12|H7|A8|N1|A|B	129
B9|E1|A7|H9|A11|N2|B|A	6
B8|E1|A3|H8|A11|N4|B|A	3
A5|D1|A12|H10|A8|N7|B|A	1
B10|E1|A11|H11|A11|N3|B|B	3
A3|D1|A12|H4|A11|N6|A|A	2
B10|D1|A3|H9|A11|N2|B|A	1
B10|E1|A11|H2|A11|N9|B|B	1
B5|E1|A7|H1|A11|N1|B|B	1
B10|E1|A3|H8|A11|N4|B|A	16
A5|E1|A12|H5|A11|N2|B|B	1
A2|E1|A6|H13|A7|N2|A|A	7
B5|E1|A3|H9|A11|N2|B|B	2
A5|D1|A12|H10|A8|N7|A|B	4
B8|E1|A10|H9|A11|N9|B|A	1
A3|B1|A12|H7|A9|N6|A|A	1
B9|E1|A3|H1|A11|N9|B|A	14
B9|E1|A11|H10|A11|N1|B|B	1
B1|E1|A2|H7|A5|N3|B|A	2
A5|D1|A12|H12|A8|N1|A|B	1
A5|D1|A12|H2|A8|N1|A|A	1
B8|E1|A7|H11|A11|N2|B|B	1
B4|E1|A10|H3|A11|N2|B|A	3
B5|E1|A10|H1|A11|N5|B|B	1
B10|E1|A11|H11|A11|N8|B|A	1
B4|E1|A3|H8|A11|N1|B|B	1
A3|D1|A12|H6|A8|N2|A|B	3
B4|E1|A3|H10|A11|N2|B|A	1
B4|E1|A11|H3|A11|N2|B|B	1
B10|E1|A3|H5|A11|N8|A|A	1
B10|E1|A12|H13|A8|N8|A|A	1
A2|E1|A12|H13|A7|N2|A|A	6
B9|E1|A10|H12|A11|N8|B|A	1
B4|E1|A3|H6|A11|N3|B|A	1
B10|E1|A10|H2|A11|N3|B|A	4
B10|E1|A11|H7|A11|N2|B|A	1
B8|E1|A3|H3|A1|N8|B|A	1
A5|D1|A12|H9|A8|N1|B|A	1
A3|D1|A12|H11|A6|N9|A|A	3
B10|E1|A11|H1|A11|N2|B|B	4
A4|B1|A7|H5|A9|N2|A|A	1
A5|E1|A12|H11|A7|N8|A|A	1
A3|E1|A12|H4|A8|N6|A|A	1
B7|B1|A1|H1|A2|N1|B2|A	1
A3|D1|A12|H11|A11|N2|A|A	2
A5|D1|A12|H11|A11|N8|A|A	1
B10|E1|A11|H3|A11|N6|B|B	8
B10|E1|A10|H10|A8|N7|B|B	1
B8|E1|A3|H4|A11|N6|B|A	16
B8|E1|A3|H7|A11|N3|B|A	5
B9|E1|A3|H1|A11|N2|B|B	1
B3|E1|A7|H3|A11|N8|B|A	5
A5|D1|A12|H5|A11|N2|A|A	3
A5|D1|A12|H5|A8|N1|A|B	3
B8|E1|A3|H10|A11|N7|B|A	3
A5|D1|A12|H11|A8|N1|A|B	1
A5|D1|A12|H11|A8|N1|A|A	5
B8|E1|A3|H4|A11|N6|B|B	6
B10|E1|A3|H13|A7|N8|A|A	1
A3|B1|A12|H7|A9|N7|A|A	1
A3|D1|A5|H10|A8|N9|A|A	1
B8|E1|A7|H4|A11|N2|B|B	2
B10|E1|A10|H3|A11|N6|B|A	4
B3|E1|A12|H1|A3|N1|B1|X	2
A3|D1|A4|H1|A8|N1|B1|A	1
B2|C1|A1|H3|A2|N2|B2|X	7
B8|E1|A12|H6|A11|N2|B|A	1
B8|E1|A3|H4|A11|N8|B|A	5
B10|E1|A3|H6|A11|N2|B|A	11
B9|E1|A3|H7|A11|N6|B|A	1
B3|E1|A7|H6|A11|N1|B|A	1
B9|E1|A3|H6|A11|N2|B|A	15
B10|E1|A11|H10|A11|N7|B|A	5
B6|C1|A7|H3|A3|N2|A|X	11
A3|E1|A7|H4|A8|N6|A|A	1
B2|A1|A1|H9|A2|N1|B|A	1
B9|E1|A3|H12|A8|N5|B|A	1
B8|D1|A12|H5|A8|N1|A|A	1
B9|E1|A10|H3|A11|N6|B|B	1
A4|D1|A12|H1|A8|N1|B|A	1
B4|E1|A10|H9|A11|N2|B|A	1
B8|E1|A8|H4|A11|N2|B|B	1
A5|D1|A12|H6|A8|N5|A|A	13
B9|E1|A3|H4|A11|N3|B|A	2
B8|E1|A10|H3|A11|N8|B|B	7
A3|D1|A12|H6|A8|N5|A|A	1
B8|E1|A7|H3|A11|N2|B|B	1
B9|E1|A10|H10|A11|N7|B|A	25
A5|D1|A12|H3|A8|N1|A|B	4
B7|D1|A7|H3|A3|N1|A|A	1
A5|D1|A12|H1|A11|N7|A|A	2
B10|E1|A10|H10|A11|N7|B|A	2
A5|D1|A12|H4|A8|N9|A|A	4
B10|E1|A3|H1|A11|N2|B|B	4
A5|D1|A5|H7|A8|N8|A|A	1
A3|D1|A5|H4|A8|N6|A|A	13
B5|E1|A3|H3|A11|N8|B|A	6
B10|E1|A11|H3|A11|N2|B|A	9
A5|D1|A12|H5|A11|N1|A|A	2
B10|E1|A3|H5|A11|N5|B|A	1
B10|E1|A3|H11|A11|N8|B|B	1
B10|E1|A3|H1|A11|N2|B|A	3
B5|E1|A11|H2|A11|N8|B|A	1
B4|E1|A3|H6|A11|N6|B|A	1
B3|E1|A10|H3|A11|N9|B|B	1
A5|D1|A12|H4|A8|N6|A|B	144
A3|D1|A12|H4|A11|N7|B|A	1
B4|E1|A11|H4|A11|N6|B|B	8
B10|E1|A3|H2|A11|N6|B|A	2
B3|E1|A3|H3|A11|N2|B|A	2
B3|E1|A11|H3|A11|N2|B|A	1
B10|E1|A10|H11|A11|N2|B|B	3
B4|E1|A12|H3|A11|N8|B|B	2
A5|D1|A12|H10|A8|N6|A|B	2
B8|E1|A3|H5|A11|N2|B|A	13
B9|E1|A12|H4|A11|N6|B|B	2
B8|A1|A2|H11|A11|N2|B|A	4
A3|D1|A4|H1|A8|N1|A|X	22
A5|D1|A12|H1|A8|N8|A|B	1
A4|E1|A3|H1|A11|N2|A|A	3
B4|E1|A10|H8|A11|N4|B|B	1
B10|E1|A10|H6|A11|N2|B|A	3
B5|E1|A8|H6|A11|N2|B|A	1
A5|D1|A12|H9|A8|N3|B|A	2
B10|E1|A3|H6|A11|N9|B|B	2
B10|E1|A11|H5|A8|N2|B|A	2
B10|E1|A7|H4|A11|N6|B|B	45
B10|E1|A11|H5|A11|N3|B|A	4
B8|E1|A7|H6|A11|N5|B|A	1
A3|D1|A12|H5|A8|N6|A|X	6
B4|E1|A10|H3|A11|N8|B|A	6
B9|E1|A12|H9|A11|N1|B|B	1
B10|E1|A7|H1|A11|N1|B|A	7
A5|E1|A5|H9|A8|N2|A|A	41
A1|D1|A3|H13|A7|N6|B|A	1
A5|D1|A12|H11|A8|N6|A|A	2
B4|E1|A10|H11|A11|N8|B|B	1
B9|E1|A3|H4|A11|N7|B|A	1
B8|E1|A7|H3|A11|N6|B|A	5
B9|E1|A10|H4|A11|N2|B|A	5
B4|E1|A10|H1|A11|N1|B|A	7
B9|E1|A3|H1|A11|N3|B|A	4
A3|D1|A5|H5|A8|N1|A|A	13
A5|D1|A12|H6|A8|N1|A|B	14
B4|E1|A3|H6|A11|N1|B|A	6
A3|D1|A7|H5|A8|N3|A|A	1
B8|E1|A7|H12|A11|N1|B|A	1
B10|E1|A3|H6|A11|N2|B|B	12
B5|E1|A7|H2|A11|N3|B|A	5
A5|D1|A12|H1|A11|N4|A|B	1
A5|E1|A12|H2|A8|N1|A|A	1
B8|D1|A1|H1|A3|N1|B1|X	7
B4|E1|A7|H6|A11|N4|B|A	1
B8|E1|A12|H3|A11|N8|B|A	1
B8|E1|A11|H3|A8|N8|B|B	1
B9|E1|A7|H3|A11|N2|B|B	2
B9|E1|A3|H3|A11|N6|B|A	21
B5|E1|A3|H4|A11|N2|B|A	1
B8|E1|A7|H5|A11|N8|B|A	1
A3|B1|A12|H4|A9|N6|A|A	1
A5|D1|A12|H10|A8|N2|A|A	9
A4|D1|A12|H9|A8|N1|A|A	2
B8|E1|A7|H8|A11|N4|B|A	2
B2|C1|A1|H3|A3|N2|B2|A	2
A3|D1|A12|H6|A8|N1|A|B	4
B3|D1|A1|H3|A3|N2|B1|X	1
B3|E1|A10|H2|A11|N1|B|A	2
A5|D1|A12|H1|A11|N1|A|B	4
B9|E1|A3|H3|A11|N1|B|B	2
A5|D1|A7|H7|A8|N7|A|A	2
B4|E1|A3|H10|A11|N7|B|A	1
B4|E1|A11|H11|A11|N2|A|A	3
B10|E1|A10|H1|A11|N1|B|B	3
B4|E1|A11|H11|A11|N2|B|A	1
B4|E1|A11|H3|A11|N8|B|B	8
B9|E1|A11|H3|A11|N6|B|B	7
B8|E1|A7|H5|A11|N2|B|A	5
B5|E1|A1|H1|A3|N1|A|A	1
B5|E1|A7|H4|A11|N2|B|A	2
A4|D1|A12|H5|A8|N3|A|B	1
B10|E1|A11|H3|A11|N1|B|B	2
A5|E1|A12|H6|A8|N6|A|A	2
B4|E1|A3|H11|A11|N4|B|A	1
B4|E1|A10|H5|A11|N6|B|B	2
B10|E1|A3|H9|A11|N4|B|A	1
B10|E1|A7|H6|A11|N1|B|B	9
B9|E1|A10|H9|A11|N2|B|B	1
A3|D1|A4|H1|A11|N1|B|A	29
B10|E1|A11|H4|A11|N1|B|A	4
B5|E1|A10|H3|A11|N9|B|A	1
A4|D1|A12|H9|A8|N6|A|A	12
A3|D1|A12|H6|A11|N2|A|B	1
B9|E1|A10|H10|A11|N6|B|A	1
B9|E1|A11|H7|A11|N7|B|B	1
B4|D1|A12|H2|A8|N7|A|A	1
A5|D1|A12|H7|A8|N4|A|A	1
B9|E1|A11|H3|A11|N8|B|A	30
A3|D1|A4|H1|A8|N1|A|A	465
A3|D1|A12|H4|A11|N2|A|A	1
A5|E1|A12|H5|A8|N2|B|A	1
B10|E1|A10|H9|A11|N3|B|A	1
B2|C1|A1|H3|A2|N2|B1|A	10
A3|D1|A7|H4|A11|N8|B|A	2
A4|D1|A5|H9|A8|N6|A|A	13
B5|E1|A3|H6|A11|N8|B|A	3
B9|E1|A7|H2|A11|N2|B|A	1
A4|E1|A3|H7|A11|N1|B|A	1
A5|D1|A10|H3|A8|N2|A|A	1
B5|E1|A10|H2|A11|N3|B|A	2
B2|C1|A1|H7|A2|N9|A|A	1
B9|E1|A12|H4|A11|N2|B|A	1
B4|E1|A3|H4|A11|N4|B|A	1
A5|E1|A7|H5|A11|N2|B|A	3
B10|E1|A3|H10|A11|N5|B|A	23
B5|E1|A3|H11|A11|N2|A|A	1
B3|E1|A7|H7|A11|N9|B|A	2
B4|E1|A11|H6|A11|N2|B|B	1
B1|E1|A2|H7|A4|N9|B|A	1
B4|D1|A3|H3|A11|N8|B|B	2
B8|E1|A10|H12|A11|N5|B|B	1
A5|D1|A12|H3|A8|N5|A|A	1
A5|D1|A12|H2|A8|N5|B|A	1
B5|E1|A12|H9|A11|N5|A|A	2
A5|D1|A12|H5|A11|N3|A|A	4
B4|E1|A11|H7|A11|N3|B|A	1
B1|E1|A2|H1|A5|N9|B|B	1
A3|E1|A12|H7|A11|N7|A|B	2
A3|D1|A12|H9|A11|N1|A|A	1
B10|E1|A11|H6|A11|N1|B|B	31
B10|E1|A7|H3|A11|N8|B|A	24
B1|E1|A2|H1|A4|N9|B|B	1
B10|E1|A10|H3|A11|N2|B|B	1
B4|E1|A8|H5|A11|N2|B|A	1
B9|E1|A11|H12|A8|N8|B|B	1
B10|E1|A3|H6|A11|N3|B|A	1
A5|D1|A12|H7|A8|N7|A|A	93
B9|E1|A12|H9|A11|N5|B|A	3
A4|E1|A12|H10|A8|N4|A|A	1
B8|E1|A3|H10|A11|N3|B|A	6
B9|E1|A10|H7|A11|N3|B|A	31
B9|E1|A7|H9|A11|N1|B|A	4
B10|E1|A3|H10|A11|N7|B|A	5
A5|D1|A12|H9|A11|N3|A|A	2
B9|E1|A3|H2|A11|N3|B|A	22
B9|E1|A7|H4|A11|N8|B|A	2
B8|E1|A11|H4|A11|N6|B|A	7
B9|E1|A12|H5|A11|N2|B|A	2
B10|E1|A3|H4|A11|N6|B|B	72
A5|D1|A12|H7|A11|N7|A|A	1
B4|E1|A3|H4|A8|N6|B|A	2
B4|E1|A7|H3|A11|N8|B|B	24
A3|D1|A5|H7|A8|N1|A|A	1
A5|D1|A5|H7|A8|N3|A|B	1
A4|D1|A5|H6|A8|N8|A|A	1
B4|E1|A3|H7|A11|N7|B|A	1
A5|D1|A12|H12|A8|N1|A|A	5
B8|E1|A7|H7|A11|N3|B|A	5
A5|E1|A12|H7|A7|N6|A|B	1
B10|E1|A10|H4|A11|N6|B|B	18
A5|D1|A5|H6|A8|N9|A|A	1
B8|E1|A3|H7|A11|N6|B|A	3
B10|E1|A3|H6|A11|N8|B|A	4
A3|D1|A7|H12|A8|N5|A|A	1
A5|D1|A12|H3|A8|N8|A|B	69
A5|D1|A12|H6|A8|N8|A|B	40
A5|D1|A5|H7|A8|N3|A|A	11
B3|E1|A3|H3|A11|N1|B|A	1
B5|E1|A10|H4|A11|N8|B|A	1
B9|E1|A7|H4|A11|N2|B|B	2
B9|E1|A7|H12|A11|N5|B|A	1
B9|E1|A11|H2|A11|N3|B|B	1
B10|E1|A7|H10|A8|N3|B|B	1
A5|D1|A12|H12|A8|N5|A|B	7
B10|E1|A3|H6|A11|N8|B|B	5
B10|E1|A12|H4|A11|N8|B|A	1
B10|E1|A11|H4|A11|N6|B|A	208
B8|E1|A11|H6|A11|N2|B|B	3
A3|D1|A5|H3|A8|N3|A|B	3
B9|E1|A3|H10|A11|N4|B|B	4
A4|D1|A5|H7|A8|N8|A|A	1
B10|E1|A11|H11|A11|N9|B|B	8
B9|E1|A10|H2|A11|N3|B|A	2
A3|D1|A5|H6|A8|N2|A|A	12
B8|D1|A11|H9|A11|N2|A|B	1
A3|E1|A3|H1|A11|N9|A|A	1
B9|E1|A11|H7|A11|N2|B|A	1
B8|E1|A3|H6|A11|N5|B|A	3
A4|D1|A7|H7|A8|N7|A|A	1
B10|C1|A1|H1|A2|N2|B2|A	1
B10|E1|A3|H10|A11|N6|B|A	4
A5|D1|A5|H6|A8|N2|A|A	8
A5|D1|A12|H7|A11|N1|A|B	3
A5|E1|A7|H4|A8|N6|A|B	1
B7|D1|A7|H1|A3|N1|A|A	1
B8|E1|A11|H2|A11|N3|B|A	4
B9|E1|A3|H1|A11|N8|B|A	4
A5|D1|A12|H11|A8|N2|A|B	2
B10|E1|A12|H3|A11|N8|B|A	8
B9|E1|A3|H10|A11|N4|B|A	9
A5|D1|A12|H10|A8|N5|A|A	13
B8|E1|A11|H12|A11|N5|B|B	1
B10|E1|A3|H10|A5|N4|B|A	3
B4|E1|A10|H14|A11|N5|B|A	1
A3|D1|A12|H7|A8|N9|A|A	12
B9|E1|A3|H1|A11|N3|B|B	2
B10|E1|A10|H11|A11|N9|B|A	10
B10|E1|A10|H3|A11|N1|B|A	1
B9|E1|A7|H3|A11|N6|B|A	18
B2|C1|A7|H1|A3|N1|B|A	2
B5|E1|A8|H11|A11|N9|B|A	2
B3|E1|A10|H3|A11|N2|B|A	1
B10|E1|A11|H4|A11|N2|B|A	4
B8|E1|A11|H9|A11|N2|B|A	1
B4|E1|A8|H3|A11|N3|B|A	1
B3|E1|A8|H4|A11|N8|B|B	1
A4|D1|A5|H6|A8|N6|A|A	252
B8|E1|A3|H3|A8|N6|B|B	1
A3|D1|A12|H2|A8|N9|A|A	2
B3|E1|A8|H1|A11|N1|B|B	1
A5|D1|A12|H5|A11|N3|A|B	1
B4|E1|A7|H4|A11|N8|B|A	10
B8|E1|A3|H5|A11|N2|B|B	5
B5|E1|A11|H1|A11|N1|B|A	1
B10|E1|A11|H3|A11|N1|B|A	6
B10|E1|A3|H12|A11|N2|B|A	1
B4|E1|A11|H3|A11|N6|B|B	1
B10|E1|A7|H14|A11|N6|B|B	1
A4|D1|A7|H2|A8|N3|B|A	1
B8|E1|A11|H11|A11|N9|B|A	1
B5|E1|A10|H7|A11|N3|B|A	1
B3|E1|A10|H3|A11|N2|B|B	1
B4|E1|A8|H6|A11|N8|A|A	2
B10|E1|A3|H12|A11|N4|B|B	1
B9|E1|A3|H13|A11|N6|B|A	1
B10|E1|A3|H2|A11|N9|B|A	5
B4|E1|A3|H10|A11|N2|B|B	1
B9|E1|A3|H6|A11|N1|B|B	46
A5|D1|A12|H7|A8|N3|A|A	56
B10|E1|A11|H10|A11|N3|B|A	6
A5|D1|A12|H6|A8|N9|A|B	2
A5|D1|A12|H11|A8|N7|A|A	1
B10|E1|A3|H10|A5|N2|B|B	4
A3|E1|A12|H11|A8|N6|A|A	1
B8|E1|A7|H4|A11|N8|B|A	3
B9|E1|A7|H7|A11|N3|B|A	43
B1|E1|A3|H5|A11|N9|B|A	1
B3|E1|A7|H11|A11|N6|B|A	1
B3|E1|A3|H4|A11|N2|B|A	2
B4|E1|A8|H3|A11|N1|B|A	2
A3|D1|A7|H4|A8|N6|A|A	1
B10|E1|A12|H6|A11|N8|B|B	3
B4|E1|A10|H7|A11|N8|B|B	1
B8|E1|A7|H2|A11|N9|B|A	1
A5|D1|A5|H6|A8|N6|A|A	9
B9|E1|A11|H7|A11|N1|B|B	1
B4|E1|A7|H4|A11|N6|B|A	1
A3|D1|A12|H12|A11|N5|A|A	1
B9|E1|A3|H5|A11|N3|B|B	10
B9|E1|A3|H3|A11|N8|B|B	49
B3|E1|A7|H7|A11|N3|B|B	1
B9|E1|A7|H2|A11|N8|B|A	1
A3|D1|A12|H8|A8|N4|A|B	3
B3|E1|A10|H11|A11|N1|A|A	4
B10|E1|A11|H2|A11|N3|A|A	1
B10|E1|A12|H6|A11|N1|B|B	3
A5|D1|A7|H3|A8|N8|A|B	2
B9|E1|A11|H4|A11|N2|B|B	6
B4|E1|A3|H4|A11|N6|B|B	5
B4|E1|A10|H6|A11|N2|B|B	2
A3|D1|A12|H4|A11|N1|A|A	1
B2|C1|A1|H3|A2|N1|A|A	1
B10|E1|A7|H2|A11|N5|B|B	1
A3|B1|A12|H3|A11|N1|A|A	2
A5|E1|A12|H3|A8|N8|B|B	2
B3|E1|A3|H1|A3|N1|B1|X	2
A5|D1|A12|H3|A8|N8|B|B	3
B9|E1|A11|H10|A11|N6|B|A	3
A5|D1|A12|H10|A8|N9|A|A	9
A3|D1|A12|H4|A8|N8|A|B	2
B10|E1|A12|H1|A11|N1|B|A	1
A4|D1|A12|H3|A8|N6|A|A	7
B2|C1|A7|H3|A3|N2|B|A	2
B8|E1|A7|H11|A11|N9|B|B	3
B9|E1|A10|H3|A11|N8|B|A	71
B9|E1|A7|H12|A11|N5|B|B	1
B10|E1|A3|H4|A11|N9|B|B	5
A3|D1|A5|H11|A8|N3|A|B	1
A5|D1|A10|H4|A11|N6|A|B	1
B10|E1|A12|H2|A11|N6|B|A	1
B10|E1|A11|H10|A11|N9|B|A	3
B8|E1|A7|H9|A11|N2|B|B	2
B9|E1|A10|H5|A11|N3|B|B	2
A5|D1|A12|H10|A11|N8|A|A	1
B10|E1|A7|H3|A8|N8|B|B	2
B9|E1|A11|H9|A11|N2|B|A	2
B9|E1|A3|H3|A8|N8|B|B	2
B9|E1|A3|H5|A11|N5|B|B	2
A3|D1|A12|H4|A8|N4|A|B	1
B3|E1|A12|H3|A11|N1|B|A	1
A5|D1|A12|H4|A8|N7|A|A	1
B10|E1|A7|H2|A11|N9|B|A	6
A5|D1|A12|H3|A8|N6|A|B	6
B5|E1|A3|H9|A11|N1|B|A	1
B3|E1|A8|H11|A11|N3|B|A	1
A3|D1|A5|H7|A8|N2|A|A	1
B9|E1|A3|H11|A11|N2|B|B	2
A5|E1|A3|H5|A8|N2|B|B	1
A5|D1|A7|H5|A8|N2|A|B	1
B8|E1|A3|H9|A11|N2|B|A	1
A3|D1|A12|H3|A8|N3|A|A	2
B10|E1|A3|H1|A11|N3|B|A	23
B4|E1|A8|H3|A11|N4|B|A	1
B10|E1|A11|H7|A11|N3|B|A	175
A5|D1|A12|H8|A8|N6|A|B	1
A4|D1|A12|H5|A8|N2|A|A	13
B10|E1|A3|H6|A11|N7|B|A	1
B4|E1|A3|H5|A11|N2|B|A	4
B8|E1|A8|H2|A11|N6|B|A	1
B10|E1|A12|H3|A8|N8|B|B	1
B10|E1|A7|H1|A11|N1|B|B	9
B10|E1|A7|H10|A11|N8|B|A	11
B9|E1|A3|H7|A11|N8|B|A	1
A5|D1|A12|H11|A11|N3|A|A	1
B1|E1|A2|H5|A5|N3|B|A	1
B9|E1|A11|H4|A11|N2|B|A	2
A5|D1|A7|H7|A8|N9|A|B	1
B4|E1|A10|H11|A11|N3|B|B	1
B8|E1|A10|H4|A11|N6|A|A	1
B5|E1|A3|H1|A11|N1|B|B	6
B4|E1|A7|H5|A11|N2|B|B	4
B10|E1|A10|H1|A11|N1|B|A	11
B9|E1|A3|H7|A11|N7|B|A	4
A5|D1|A12|H11|A11|N9|A|B	2
B8|E1|A11|H6|A8|N1|B|B	1
B10|E1|A11|H1|A11|N2|B|A	4
B5|E1|A3|H1|A11|N9|B|A	8
B4|E1|A7|H2|A11|N1|B|A	1
B10|E1|A3|H3|A11|N3|B|B	1
A3|D1|A12|H8|A8|N4|A|A	3
B8|E1|A7|H3|A11|N7|B|A	2
A2|D1|A12|H2|A7|N3|A|A	1
B10|E1|A3|H10|A5|N8|B|A	1
B9|E1|A3|H3|A11|N9|B|A	1
A3|D1|A12|H5|A8|N9|A|A	1
B10|E1|A3|H10|A11|N4|B|B	1
B9|E1|A3|H12|A11|N5|B|B	5
B9|E1|A3|H5|A11|N1|B|A	5
B8|E1|A10|H8|A11|N3|B|A	1
B4|E1|A3|H7|A11|N4|B|A	1
B9|E1|A3|H4|A11|N2|B|B	4
B10|E1|A10|H6|A11|N2|B|B	5
B3|E1|A7|H11|A11|N9|B|B	1
B10|E1|A3|H3|A11|N8|B|A	88
B3|E1|A8|H5|A11|N2|B|B	1
B9|E1|A11|H8|A11|N8|B|A	1
B3|E1|A11|H3|A11|N6|B|A	1
A3|D1|A5|H7|A8|N3|A|B	29
B9|E1|A12|H4|A11|N6|B|A	2
B9|E1|A3|H5|A11|N3|B|A	5
B9|E1|A7|H6|A11|N8|B|A	13
B10|E1|A7|H3|A8|N8|B|A	1
A5|D1|A7|H2|A8|N3|A|A	1
B3|E1|A10|H4|A11|N2|B|A	1
B9|E1|A10|H8|A11|N4|B|B	2
A4|D1|A7|H10|A8|N5|A|A	2
A5|E1|A12|H5|A8|N6|B|A	1
B5|E1|A10|H11|A11|N2|B|B	1
B10|E1|A11|H11|A11|N5|B|A	1
B9|E1|A11|H5|A11|N9|B|A	1
B9|E1|A11|H3|A11|N2|B|B	3
B8|E1|A8|H3|A11|N8|B|A	3
A3|D1|A12|H11|A8|N6|A|A	2
B3|E1|A3|H3|A11|N8|B|A	2
A3|D1|A12|H7|A11|N2|A|A	1
B10|E1|A3|H3|A8|N6|B|B	1
A3|D1|A12|H5|A11|N3|A|B	1
B10|E1|A3|H12|A11|N4|B|A	4
A5|D1|A12|H9|A11|N8|A|B	1
B5|E1|A11|H2|A11|N3|B|A	4
B4|E1|A11|H1|A11|N3|B|A	2
A3|D1|A6|H9|A8|N2|A|A	1
B1|E1|A2|H3|A4|N4|B|A	1
B10|E1|A11|H4|A11|N9|B|A	15
B9|E1|A11|H4|A11|N8|B|A	13
B9|E1|A3|H14|A11|N3|B|A	2
B5|D1|A1|H1|A3|N1|B1|X	8
B8|E1|A11|H3|A11|N2|B|B	2
B8|E1|A3|H1|A11|N5|B|B	1
B9|E1|A3|H10|A11|N5|B|A	3
B5|E1|A10|H6|A11|N5|B|A	1
A3|D1|A12|H11|A8|N2|A|A	6
A3|D1|A12|H7|A8|N1|A|A	5
B10|E1|A3|H5|A11|N8|B|A	1
B8|E1|A3|H1|A11|N1|B|B	11
B8|E1|A7|H3|A8|N8|B|A	2
B7|C1|A7|H3|A2|N2|A|A	1
A5|D1|A12|H7|A11|N1|A|A	6
B10|E1|A11|H7|A11|N3|B|B	10
A5|D1|A12|H9|A11|N1|A|B	1
A5|D1|A12|H5|A8|N7|A|A	1
A5|D1|A12|H15|A8|N5|A|A	6
B10|E1|A10|H2|A11|N3|B|B	2
A3|D1|A4|H3|A11|N2|B|A	6
B4|E1|A10|H6|A11|N2|B|A	2
A5|D1|A12|H7|A11|N3|A|B	1
B9|E1|A3|H1|A11|N2|B|A	4
B3|E1|A10|H6|A11|N5|B|A	2
B10|E1|A3|H9|A11|N5|B|A	1
B9|E1|A7|H2|A11|N3|B|A	7
A3|D1|A12|H5|A8|N1|A|X	40
A4|D1|A7|H2|A8|N2|A|B	1
A5|E1|A12|H6|A8|N2|B|A	1
B9|E1|A11|H10|A11|N5|B|A	2
A3|D1|A12|H1|A8|N2|A|A	18
B2|D1|A5|H9|A8|N2|B|A	2
A4|D1|A7|H9|A8|N2|A|A	2
B10|E1|A11|H10|A11|N8|B|A	4
A3|D1|A12|H10|A11|N8|A|A	4
B9|E1|A10|H4|A11|N9|B|A	1
A5|D1|A7|H12|A11|N9|B|A	1
B9|E1|A10|H9|A11|N5|B|A	1
B10|E1|A12|H5|A11|N8|B|B	2
A5|D1|A12|H3|A8|N8|A|A	92
A4|E1|A4|H2|A8|N2|A|A	4
A5|D1|A12|H1|A11|N1|A|A	4
A3|D1|A5|H1|A8|N9|A|A	2
A4|D1|A12|H14|A8|N5|A|A	1
B5|C1|A7|H3|A3|N2|B1|X	16
A5|D1|A12|H8|A8|N4|A|A	27
B4|E1|A7|H11|A11|N2|A|A	1
A5|E1|A12|H5|A8|N6|A|A	15
B1|E1|A2|H6|A5|N8|B|B	1
B8|E1|A11|H6|A11|N5|B|A	2
B4|E1|A8|H2|A11|N3|A|A	4
A5|D1|A12|H2|A11|N5|A|B	1
A3|D1|A12|H4|A11|N6|B|A	1
B5|E1|A10|H9|A11|N2|B|A	4
A5|D1|A12|H10|A8|N6|A|A	9
B10|E1|A12|H8|A8|N4|B|A	3
A5|E1|A7|H10|A11|N5|B|A	1
B4|E1|A10|H4|A11|N6|B|A	22
B10|E1|A3|H10|A11|N1|B|B	3
B4|E1|A11|H5|A11|N2|B|B	2
B5|E1|A10|H2|A4|N1|B|A	1
A5|D1|A7|H3|A8|N8|B|B	1
B2|C1|A1|H3|A2|N2|B2|A	15478
B9|E1|A11|H4|A11|N4|B|A	1
A4|E1|A12|H5|A11|N3|A|A	1
B7|A1|A7|H1|A2|N1|B|A	1
A3|D1|A12|H7|A8|N3|A|A	8
A5|D1|A7|H5|A8|N2|A|A	2
B9|E1|A3|H3|A11|N8|A|B	1
B10|E1|A3|H11|A5|N2|B|A	1
B4|E1|A3|H6|A11|N8|B|A	3
B3|E1|A12|H4|A11|N2|B|A	1
B10|E1|A3|H4|A8|N6|B|B	1
A5|D1|A5|H4|A8|N3|A|A	1
A3|D1|A4|H1|A11|N1|A|X	2
B8|E1|A3|H12|A11|N6|B|A	1
B10|E1|A7|H14|A11|N6|B|A	1
B9|E1|A7|H1|A11|N9|B|A	5
A3|D1|A12|H11|A11|N9|A|B	3
B4|E1|A3|H11|A11|N9|B|B	5
B4|E1|A11|H3|A11|N5|B|B	1
B10|E1|A11|H7|A11|N1|B|B	2
A4|D1|A12|H2|A8|N1|A|A	2
A5|D1|A7|H3|A8|N6|A|A	1
B4|E1|A8|H11|A11|N2|A|A	2
A2|E1|A6|H13|A7|N6|A|A	4
B8|E1|A7|H1|A11|N1|B|B	1
B9|E1|A11|H10|A11|N2|B|A	1
B5|E1|A3|H11|A11|N9|B|A	13
B5|E1|A7|H4|A11|N6|B|A	2
B9|E1|A3|H7|A11|N3|B|A	79
B4|E1|A3|H6|A11|N1|A|A	2
B8|E1|A12|H3|A11|N8|A|B	1
A3|D1|A5|H1|A8|N8|A|A	3
A4|D1|A5|H3|A8|N6|A|A	1
B10|E1|A3|H10|A11|N1|B|A	4
A3|D1|A4|H3|A11|N2|A|A	58
B7|C1|A7|H3|A3|N2|A|X	2
B10|E1|A10|H7|A11|N1|B|B	1
A3|D1|A5|H5|A8|N2|A|A	2
B3|E1|A11|H6|A11|N8|B|A	1
A5|D1|A5|H5|A8|N6|A|A	10
B4|E1|A11|H7|A11|N8|B|A	2
B8|E1|A3|H3|A11|N6|B|A	2
B6|D1|A12|H3|A8|N2|A|A	1
A3|E1|A3|H11|A11|N9|A|A	2
B5|E1|A10|H9|A11|N1|B|A	2
B10|E1|A11|H10|A11|N6|B|A	1
A5|D1|A12|H4|A8|N3|A|A	5
B8|E1|A10|H9|A11|N9|A|A	2
B10|E1|A7|H4|A11|N6|B|A	22
B8|E1|A11|H12|A11|N6|B|A	3
B3|E1|A3|H6|A11|N4|B|A	1
B9|E1|A10|H4|A11|N7|B|A	1
B10|E1|A3|H10|A5|N9|B|A	1
A5|D1|A12|H10|A11|N5|A|A	7
A5|D1|A12|H2|A8|N4|A|B	1
B10|D1|A12|H6|A8|N2|A|A	1
B10|E1|A3|H12|A8|N5|B|B	1
B10|E1|A3|H5|A11|N3|B|A	23
A5|D1|A12|H12|A8|N2|A|B	1
B8|E1|A7|H3|A11|N3|B|A	1
B9|E1|A3|H3|A11|N1|B|A	22
B7|C1|A1|H1|A2|N2|A|A	1
B8|E1|A12|H4|A11|N2|B|A	3
B2|E1|A1|H1|A2|N1|B|A	6
A3|D1|A12|H6|A11|N8|A|A	6
A4|D1|A5|H5|A8|N1|A|A	2
B3|E1|A3|H3|A11|N5|B|A	7
B5|C1|A7|H1|A3|N1|B|X	8
B4|E1|A10|H4|A8|N6|A|B	1
B9|E1|A10|H3|A11|N8|B|B	12
B8|E1|A3|H3|A11|N1|B|A	1
A5|D1|A12|H2|A8|N8|A|B	6
B9|E1|A11|H6|A11|N2|B|A	13
B10|E1|A1|H1|A3|N1|B1|A	2
A5|D1|A12|H6|A8|N8|B|A	8
B9|E1|A7|H6|A11|N2|B|A	3
B9|E1|A3|H10|A11|N8|B|A	4
B9|E1|A7|H3|A8|N8|B|B	2
B9|E1|A11|H2|A11|N3|B|A	2
B2|C1|A7|H1|A2|N2|A|A	3
A5|D1|A12|H15|A8|N9|A|A	2
B10|E1|A10|H1|A11|N6|B|A	1
B9|E1|A3|H4|A11|N8|B|B	9
B9|E1|A7|H3|A11|N8|B|B	46
B9|E1|A10|H11|A11|N1|B|A	2
B9|E1|A11|H6|A11|N8|A|A	1
B10|D1|A3|H9|A11|N1|B|A	1
A4|D1|A7|H3|A8|N2|A|B	1
B10|E1|A10|H1|A11|N3|B|A	1
B10|E1|A12|H3|A11|N3|B|A	1
A5|D1|A12|H15|A8|N7|A|A	1
B8|E1|A8|H5|A11|N2|B|A	2
B10|E1|A3|H12|A11|N8|B|A	8
B10|E1|A3|H9|A11|N1|B|A	1
B1|E1|A2|H10|A4|N1|B|A	1
A5|D1|A12|H9|A8|N8|A|A	1
B10|E1|A11|H11|A11|N3|B|A	5
B3|E1|A8|H5|A11|N2|B|A	3
A3|D1|A5|H3|A8|N6|A|A	5
B9|E1|A11|H11|A11|N2|B|A	3
B9|E1|A3|H4|A11|N5|B|B	1
A3|D1|A12|H5|A8|N6|A|A	85
A3|D1|A12|H2|A8|N3|A|B	1
B9|E1|A11|H11|A11|N5|B|A	2
B8|D1|A7|H1|A11|N1|B|A	1
B9|E1|A10|H9|A11|N1|B|A	1
B8|E1|A3|H5|A11|N9|B|A	1
B8|E1|A7|H6|A11|N1|B|B	2
B9|E1|A3|H11|A11|N9|B|A	25
A5|D1|A5|H3|A8|N2|A|A	2
B10|E1|A3|H3|A11|N5|B|A	1
B4|E1|A11|H14|A11|N2|B|B	1
B10|E1|A3|H10|A5|N1|B|A	1
B4|E1|A3|H3|A8|N6|B|B	2
A5|E1|A12|H5|A8|N2|A|A	7
B10|E1|A1|H1|A3|N1|B|A	1
A3|D1|A12|H10|A8|N6|A|A	5
A3|D1|A5|H3|A8|N2|A|A	16
B9|E1|A10|H2|A11|N9|B|A	1
A4|E1|A12|H4|A11|N6|A|A	1
B10|E1|A3|H4|A11|N9|B|A	1
B8|E1|A3|H6|A11|N9|B|A	2
B10|E1|A11|H5|A11|N2|B|A	41
B4|E1|A11|H4|A11|N8|B|B	6
B4|E1|A3|H5|A11|N4|B|A	1
A3|D1|A12|H3|A11|N8|A|A	3
B8|E1|A8|H6|A11|N2|B|A	13
B8|E1|A7|H3|A11|N2|B|A	13
B4|E1|A10|H5|A10|N2|B3|B	11
A3|D1|A4|H1|A3|N1|A|A	1
B1|E1|A2|H6|A4|N8|B|B	4
B4|E1|A8|H11|A11|N3|A|A	1
B8|E1|A7|H6|A11|N2|B|A	3
B9|E1|A7|H10|A11|N1|B|A	8
A4|A1|A1|H9|A11|N2|B|A	1
B10|E1|A7|H11|A11|N8|B|A	7
B5|E1|A11|H6|A11|N3|B|A	1
B9|E1|A7|H1|A11|N7|B|A	7
B6|C1|A7|H1|A3|N2|B|X	92
A4|E1|A12|H5|A8|N6|A|A	48
B4|E1|A8|H11|A11|N2|B|A	3
A4|D1|A12|H2|A8|N9|A|A	6
B9|E1|A3|H7|A11|N2|B|B	103
A3|D1|A7|H1|A8|N1|A|B	1
B9|E1|A7|H10|A11|N7|B|A	56
A5|D1|A12|H2|A8|N9|A|A	13
B8|E1|A3|H7|A11|N6|B|B	3
B9|E1|A10|H5|A11|N6|B|B	1
B9|E1|A8|H4|A11|N6|B|A	1
B8|E1|A7|H6|A11|N5|B|B	1
A5|E1|A7|H3|A11|N6|B|B	1
A5|E1|A12|H5|A8|N3|A|A	1
B5|E1|A7|H3|A11|N2|B|A	2
B9|E1|A11|H3|A11|N7|B|B	1
A3|D1|A12|H3|A8|N2|A|B	4
B4|E1|A3|H4|A11|N6|B|A	16
B7|C1|A1|H3|A2|N2|B2|A	133
A5|D1|A12|H5|A8|N2|A|B	42
B5|E1|A3|H3|A11|N6|B|B	1
A5|D1|A12|H9|A8|N2|B|B	2
B10|E1|A11|H5|A11|N8|B|A	2
B10|E1|A3|H3|A11|N1|B|B	3
B3|E1|A8|H3|A11|N8|B|A	14
B9|E1|A3|H2|A11|N5|B|A	11
B3|E1|A3|H3|A11|N3|B|A	1
A5|E1|A12|H9|A8|N2|A|A	1
A4|D1|A7|H6|A8|N1|A|B	4
A3|D1|A12|H7|A8|N2|A|A	4
A5|D1|A12|H7|A8|N8|A|B	5
A3|B1|A12|H5|A11|N7|A|A	1
B9|E1|A11|H10|A11|N6|B|B	1
B10|E1|A7|H7|A11|N1|B|A	8
B8|E1|A3|H2|A11|N1|B|A	1
B8|E1|A10|H3|A11|N6|B|B	2
B10|E1|A3|H4|A11|N3|B|A	2
B4|E1|A3|H7|A11|N3|B|A	2
B10|E1|A10|H7|A11|N2|B|A	1
B8|E1|A10|H1|A11|N1|B|B	4
B9|E1|A3|H3|A11|N8|B|A	128
B3|E1|A12|H3|A11|N8|B|B	3
B8|E1|A3|H2|A11|N9|A|A	1
A3|E1|A7|H3|A11|N8|A|A	1
B5|C1|A7|H3|A3|N2|B|X	17
B3|E1|A10|H11|A11|N9|A|A	2
B9|E1|A7|H3|A11|N5|B|A	1
B3|E1|A3|H1|A3|N2|B1|X	2
A5|E1|A7|H5|A11|N2|B|B	6
A5|D1|A5|H9|A8|N9|A|A	10
B9|E1|A10|H5|A10|N2|B3|B	100
B8|E1|A7|H2|A11|N3|B|A	10
A4|D1|A5|H4|A8|N6|A|B	1
B8|E1|A3|H3|A11|N8|B|A	12
B9|E1|A7|H7|A11|N8|B|A	1
B7|C1|A1|H1|A3|N2|B|A	1
B10|E1|A7|H9|A11|N1|B|A	1
B4|E1|A11|H3|A11|N6|B|A	1
B10|E1|A11|H11|A8|N1|B|A	1
A5|D1|A12|H11|A8|N9|A|B	18
A3|D1|A12|H7|A8|N4|A|A	4
B5|E1|A3|H3|A11|N8|B|B	1
A5|D1|A12|H8|A8|N1|A|B	1
B10|E1|A3|H4|A11|N5|B|A	2
A3|D1|A12|H6|A8|N2|B|B	1
B9|E1|A3|H10|A11|N1|B|B	1
B1|E1|A2|H7|A4|N3|B|A	2
B5|E1|A10|H3|A11|N8|B|B	5
B9|E1|A10|H11|A11|N9|B|B	9
A3|D1|A12|H5|A8|N2|A|B	10
B10|E1|A3|H9|A8|N2|B|A	1
B9|D1|A12|H7|A8|N3|A|A	2
B10|E1|A3|H3|A8|N2|B|A	9
A3|D1|A12|H9|A8|N2|A|A	173
B4|E1|A10|H4|A11|N5|B|B	2
B8|E1|A7|H1|A11|N2|B|B	1
B4|E1|A11|H4|A11|N6|B|A	5
B2|E1|A1|H1|A2|N2|B|A	1
A3|E1|A12|H6|A8|N1|A|A	2
A5|D1|A7|H9|A8|N2|A|A	1
B9|E1|A11|H11|A11|N9|B|B	6
B10|E1|A11|H2|A11|N1|B|B	3
A3|D1|A12|H10|A8|N7|A|B	2
A3|D1|A7|H5|A8|N3|A|B	1
A3|D1|A12|H7|A8|N7|A|A	25
B5|E1|A10|H2|A11|N1|B|B	1
A5|D1|A7|H1|A8|N1|A|A	2
B8|E1|A10|H11|A11|N9|B|A	1
B10|E1|A6|H5|A7|N6|B|B	1
B10|E1|A3|H6|A11|N6|B|A	2
A5|D1|A12|H2|A11|N9|A|B	1
B9|E1|A3|H3|A11|N6|B|B	22
B5|E1|A3|H12|A11|N4|B|A	1
B8|E1|A3|H3|A11|N6|B|B	3
B9|E1|A11|H6|A11|N2|B|B	5
A5|D1|A12|H1|A11|N2|A|A	2
A3|D1|A12|H2|A11|N1|A|A	1
B3|E1|A7|H11|A11|N1|B|A	1
B2|B1|A1|H1|A2|N1|B2|A	718
A4|E1|A12|H4|A8|N6|A|A	1
B4|E1|A3|H14|A11|N6|B|A	1
B9|E1|A11|H2|A11|N9|B|A	2
B8|E1|A3|H4|A11|N2|B|B	1
B5|E1|A8|H2|A11|N3|B|B	1
A3|D1|A5|H1|A8|N3|A|A	23
B5|E1|A11|H2|A11|N9|B|A	1
A3|D1|A12|H4|A8|N6|A|B	30
B10|E1|A3|H12|A11|N3|B|A	16
A3|D1|A4|H1|A11|N2|B|A	34
B9|E1|A7|H3|A11|N2|B|A	5
B9|E1|A11|H6|A11|N8|B|A	2
A5|D1|A12|H7|A11|N7|A|B	1
B9|E1|A11|H1|A11|N5|B|A	3
B7|C1|A7|H1|A3|N1|A|A	21
B8|D1|A12|H6|A8|N2|A|A	1
B3|E1|A3|H5|A11|N2|B|A	1
B10|E1|A12|H13|A7|N6|A|A	9
B8|E1|A10|H2|A11|N3|B|B	2
B8|E1|A11|H1|A11|N1|B|A	1
B10|E1|A11|H6|A11|N1|B|A	21
B9|E1|A3|H3|A11|N2|B|A	33
B10|E1|A3|H11|A11|N5|B|A	3
B10|E1|A3|H4|A11|N8|B|B	28
A4|D1|A7|H5|A8|N3|A|A	2
B10|E1|A11|H10|A8|N6|B|B	1
A3|D1|A5|H3|A8|N8|A|A	6
B7|C1|A7|H1|A3|N1|B2|A	1
B1|E1|A2|H6|A4|N2|B|B	4
A3|D1|A12|H2|A8|N3|A|A	4
B5|E1|A10|H4|A11|N2|B|A	1
A3|D1|A5|H6|A8|N6|A|A	8
B9|E1|A12|H11|A11|N9|B|B	1
A3|E1|A12|H2|A8|N3|A|A	1
A4|E1|A12|H15|A11|N9|A|A	4
B10|E1|A12|H9|A11|N2|B|A	2
B8|E1|A3|H3|A11|N2|B|B	1
B10|D1|A1|H3|A2|N1|B2|A	1
B5|E1|A11|H7|A11|N3|B|A	1
B8|E1|A3|H4|A11|N8|B|B	1
A3|D1|A7|H7|A8|N4|A|A	2
A4|D1|A12|H2|A8|N3|A|A	4
A5|D1|A11|H2|A8|N2|A|B	1
B3|E1|A7|H5|A11|N2|B|B	3
A3|D1|A12|H5|A8|N2|A|A	76
A3|D1|A12|H9|A8|N8|A|A	1
B4|E1|A3|H11|A11|N8|B|A	1
B8|E1|A11|H12|A11|N5|B|A	2
B9|E1|A11|H10|A11|N8|B|A	1
B5|E1|A7|H11|A11|N9|B|B	1
B4|E1|A8|H4|A11|N6|B|B	1
B6|C1|A7|H3|A3|N1|B|X	7
A4|D1|A7|H2|A8|N3|A|A	3
B3|E1|A10|H11|A11|N1|B|A	1
B9|E1|A11|H4|A8|N6|B|A	2
A5|D1|A12|H7|A8|N6|A|A	14
B10|E1|A12|H13|A11|N6|A|A	1
B10|E1|A10|H12|A11|N4|A|A	2
B8|E1|A10|H6|A11|N1|B|A	2
B8|A1|A2|H3|A4|NZ|B|A	7
B8|D1|A7|H3|A8|N8|B|A	1
B9|E1|A7|H7|A11|N3|B|B	2
B10|E1|A10|H4|A11|N6|B|A	18
B2|C1|A1|H9|A2|N2|B2|A	1
A4|E1|A12|H11|A11|N9|A|A	1
B4|E1|A7|H6|A11|N1|B|A	7
B10|E1|A7|H4|A11|N8|B|B	7
B10|E1|A11|H11|A11|N1|B|A	1
B10|E1|A10|H5|A11|N2|B|A	11
A5|D1|A12|H9|A8|N6|A|B	1
A5|D1|A12|H9|A8|N1|A|A	2
B9|E1|A10|H11|A11|N2|B|A	5
A5|D1|A12|H7|A8|N1|A|A	19
B10|E1|A10|H10|A11|N8|B|B	1
B4|E1|A8|H1|A11|N1|B|B	1
A5|E1|A12|H10|A8|N8|A|A	1
B4|E1|A11|H1|A8|N3|B|B	1
B9|E1|A10|H4|A11|N6|B|B	49
A5|D1|A12|H3|A8|N2|A|A	86
B4|E1|A7|H7|A11|N6|B|B	1
B10|E1|A11|H4|A11|N3|B|B	2
A5|D1|A12|H2|A11|N1|A|A	1
B10|E1|A12|H10|A11|N4|B|A	1
A3|D1|A12|H2|A8|N6|A|A	1
B9|E1|A10|H11|A11|N6|B|A	1
B3|E1|A3|H4|A11|N1|B|A	2
B2|B1|A1|H1|A2|N1|B|A	1
B10|E1|A12|H2|A11|N9|B|A	1
B9|E1|A10|H3|A11|N4|B|A	1
B9|E1|A11|H4|A11|N3|B|B	2
B10|E1|A10|H5|A11|N1|B|A	8
A5|D1|A12|H2|A8|N5|A|A	4
B4|E1|A11|H1|A11|N4|B|B	1
B9|E1|A12|H2|A11|N3|B|B	1
B8|E1|A10|H11|A11|N3|B|A	1
B10|E1|A3|H9|A11|N2|B|B	5
A3|D1|A12|H6|A8|N1|B|A	1
A4|D1|A12|H9|A8|N2|B|A	4
B3|E1|A7|H1|A3|N1|B1|X	2
B9|E1|A11|H6|A11|N5|B|A	13
B5|C1|A7|H1|A3|N1|A|X	5
B4|D1|A3|H2|A11|N1|A|A	2
B10|D1|A3|H11|A11|N9|B|A	14
A3|D1|A4|H1|A8|N2|A|X	1
B5|E1|A10|H9|A11|N8|A|A	2
A5|D1|A5|H5|A8|N1|A|X	1
B9|E1|A10|H10|A11|N2|B|A	2
B9|E1|A11|H7|A11|N3|B|A	26
B10|E1|A10|H3|A11|N8|B|A	48
B10|E1|A3|H4|A11|N5|B|B	3
B10|E1|A10|H7|A11|N4|B|B	1
B8|E1|A3|H1|A11|N1|B|A	9
B4|E1|A3|H7|A11|N9|B|B	1
B5|E1|A3|H3|A11|N9|B|B	1
B10|E1|A12|H4|A11|N6|B|A	11
A4|E1|A3|H1|A11|N9|A|A	1
B10|E1|A3|H7|A11|N9|B|A	29
B1|E1|A2|H9|A4|N2|B|A	1
B10|E1|A3|H5|A11|N9|B|A	6
B10|E1|A3|H6|A11|N1|B|A	25
B4|E1|A3|H3|A11|N2|B|B	7
A5|D1|A5|H10|A8|N2|A|A	3
A2|E1|A3|H16|A7|N5|A|A	1
B10|E1|A3|H11|A11|N2|B|B	1
A3|D1|A12|H3|A8|N3|A|B	2
B8|E1|A3|H3|A8|N8|B|B	1
B10|E1|A7|H4|A11|N2|B|A	2
B10|E1|A3|H10|A5|N5|B|A	64
A5|D1|A12|H12|A8|N3|A|B	1
A5|E1|A12|H13|A7|N6|A|A	1
B5|E1|A10|H12|A11|N5|B|A	1
B8|D1|A12|H7|A8|N1|A|A	1
A3|D1|A4|H1|A8|N1|B|X	1
A4|D1|A12|H6|A8|N5|A|A	1
A5|D1|A12|H11|A11|N9|A|A	5
B10|E1|A7|H4|A11|N8|B|A	4
B9|E1|A10|H7|A11|N5|B|A	4
B5|E1|A7|H7|A11|N3|B|A	1
B10|E1|A11|H8|A11|N4|B|B	5
A3|D1|A12|H6|A8|N2|A|A	28
A5|D1|A5|H10|A8|N8|A|A	22
B10|E1|A3|H6|A11|N5|B|A	1
B9|E1|A10|H6|A11|N5|B|A	2
A5|D1|A12|H7|A8|N5|A|A	3
B4|E1|A10|H10|A11|N7|B|B	3
B10|E1|A7|H10|A11|N9|B|A	1
B10|E1|A12|H2|A8|N4|B|A	1
B8|E1|A3|H11|A11|N2|B|A	7
A5|E1|A7|H4|A11|N6|B|A	1
B8|E1|A3|H12|A11|N5|B|A	9
B4|E1|A12|H11|A11|N9|B|A	1
B10|E1|A11|H3|A11|N2|B|B	2
B9|E1|A11|H6|A11|N1|B|B	7
B9|E1|A7|H3|A11|N8|B|A	27
A3|D1|A12|H10|A8|N9|A|A	4
B9|E1|A7|H12|A11|N8|B|B	1
B3|E1|A7|H2|A11|N7|A|A	1
B8|E1|A10|H10|A11|N1|B|B	1
B9|E1|A7|H10|A11|N3|B|A	2
B2|D1|A5|H9|A8|N2|A|A	2
B8|E1|A10|H9|A11|N6|A|A	2
B10|E1|A3|H3|A11|N2|B|A	44
A5|D1|A7|H2|A8|N5|A|A	1
B9|E1|A10|H2|A11|N3|B|B	1
B5|E1|A10|H8|A11|N4|B|A	1
B8|E1|A7|H4|A11|N6|B|A	7
B9|E1|A12|H4|A8|N6|B|B	1
B10|E1|A12|H6|A11|N2|B|B	1
B10|E1|A11|H4|A11|N1|B|B	1
B9|E1|A12|H12|A8|N2|A|B	1
B10|E1|A11|H7|A11|N8|B|B	12
B9|E1|A3|H4|A8|N6|A|A	1
B9|E1|A3|H10|A11|N7|B|B	1
A3|E1|A12|H4|A11|N4|A|A	1
B10|E1|A3|H10|A5|N2|B|A	5
B3|E1|A10|H6|A11|N8|A|A	2
A3|D1|A12|H1|A8|N9|A|A	1
A4|D1|A7|H6|A8|N5|A|A	2
A4|D1|A5|H6|A8|N6|B|A	6
B9|E1|A3|H3|A11|N3|B|A	5
B8|E1|A8|H3|A11|N6|B|A	1
B3|E1|A8|H1|A11|N2|B|A	1
A5|D1|A12|H2|A8|N3|A|A	38
A5|D1|A5|H4|A8|N2|A|A	4
A5|D1|A5|H7|A8|N9|A|A	401
A3|D1|A5|H11|A8|N9|A|A	3
A5|D1|A12|H4|A8|N3|A|B	3
B10|E1|A10|H12|A11|N5|B|A	24
B10|E1|A3|H10|A11|N4|B|A	13
A3|D1|A5|H9|A8|N2|A|A	93
B10|E1|A11|H12|A11|N4|B|A	1
B9|E1|A10|H6|A11|N2|B|A	8
B9|E1|A11|H8|A11|N4|B|A	3
A3|D1|A12|H6|A8|N9|A|A	1
A4|E1|A12|H6|A8|N6|A|A	4
B3|E1|A12|H3|A11|N6|B|A	1
A4|D1|A5|H6|A11|N6|A|A	2
A2|E1|A6|H16|A7|N8|B|B	1
A3|D1|A12|H11|A8|N9|A|B	8
B9|E1|A7|H7|A11|N4|B|B	2
B4|E1|A7|H3|A11|N8|B|A	5
B9|E1|A10|H6|A11|N8|B|A	11
B10|E1|A3|H1|A11|N8|B|A	4
B3|E1|A11|H6|A11|N1|B|B	2
A3|D1|A12|H7|A8|N2|A|B	3
B9|E1|A3|H11|A11|N9|B|B	23
B10|E1|A12|H3|A11|N8|B|B	12
A4|E1|A3|H1|A11|N6|A|A	32
B3|E1|A7|H3|A11|N2|B|A	4
B10|E1|A7|H2|A11|N9|B|B	1
B10|E1|A3|H11|A11|N3|B|B	2
B6|C1|A7|H1|A3|N1|B1|X	35
B9|E1|A8|H7|A11|N2|B|B	70
A5|D1|A12|H3|A8|N3|A|A	9
B9|E1|A11|H12|A11|N5|B|B	5
A5|D1|A12|H5|A8|N3|A|B	13
A5|D1|A12|H8|A8|N4|A|B	9
A5|D1|A12|H5|A8|N8|A|A	538
B8|E1|A10|H1|A11|N1|B|A	11
A5|D1|A12|H8|A8|N2|A|B	2
B9|E1|A3|H9|A8|N2|B|B	1
A3|D1|A12|H10|A8|N9|A|B	1
B5|E1|A8|H1|A3|N1|B1|X	1
B5|E1|A5|H1|A3|N2|B1|X	1
B9|E1|A7|H6|A11|N6|B|B	3
B9|E1|A3|H7|A11|N3|B|B	15
B9|E1|A3|H6|A11|N9|B|A	1
A3|D1|A12|H5|A8|N5|A|A	10
B5|E1|A10|H3|A11|N3|B|A	1
B10|E1|A10|H7|A11|N6|B|A	3
A4|D1|A12|H3|A8|N2|A|A	7
B3|E1|A12|H4|A11|N6|B|A	1
A3|D1|A12|H8|A11|N4|A|A	3
B9|E1|A11|H4|A11|N1|B|A	1
A3|D1|A12|H6|A11|N1|A|B	1
B9|E1|A3|H4|A11|N6|B|A	93
A4|D1|A7|H5|A8|N6|A|B	1
B10|E1|A11|H11|A11|N9|B|A	11
B10|E1|A12|H4|A7|N7|B|A	1
B9|E1|A10|H9|A11|N2|B|A	3
A3|D1|A12|H3|A8|N1|A|B	3
B10|E1|A6|H3|A11|N6|B|A	1
B4|E1|A7|H12|A11|N5|B|B	4
B8|E1|A10|H4|A11|N8|B|B	1
B10|E1|A3|H3|A1|N8|B|B	1
A3|D1|A12|H3|A11|N8|B|A	2
A5|D1|A5|H7|A8|N2|A|A	4
B10|E1|A3|H13|A11|N2|B|A	19
B8|E1|A3|H4|A11|N3|B|A	3
B4|E1|A11|H10|A11|N2|A|A	1
A5|D1|A12|H10|A8|N3|A|B	2
B10|E1|A7|H5|A11|N3|B|A	3
A3|D1|A11|H3|A8|N2|B|A	1
B9|E1|A3|H3|A11|N2|B|B	4
B2|C1|A1|H1|A3|N1|B|A	3
A3|D1|A5|H7|A8|N8|A|A	1
A5|D1|A12|H7|A11|N8|A|A	1
B4|E1|A3|H4|A11|N8|B|B	4
B10|E1|A3|H4|A11|N2|B|B	4
B5|E1|A12|H1|A3|N1|B1|A	2
B10|E1|A3|H5|A11|N9|B|B	1
B8|E1|A3|H3|A11|N2|B|A	15
B10|E1|A7|H10|A11|N4|B|A	2
B1|E1|A2|H1|A4|N1|B|B	2
B9|E1|A7|H1|A11|N1|B|A	11
B8|E1|A3|H11|A11|N2|B|B	2
A4|D1|A12|H3|A8|N8|A|A	8
B4|E1|A8|H1|A11|N8|B|B	1
A5|D1|A12|H2|A8|N3|A|B	5
A4|E1|A12|H6|A11|N1|A|A	1
B10|E1|A11|H1|A11|N6|B|B	1
B3|E1|A10|H6|A11|N2|B|A	1
B9|E1|A10|H12|A11|N4|B|A	28
B8|E1|A3|H1|A11|N3|B|B	2
A5|D1|A12|H5|A6|N2|A|A	2
B8|E1|A8|H3|A11|N8|B|B	1
B5|C1|A7|H1|A3|N2|B1|X	13
B9|E1|A3|H6|A8|N1|B|A	2
B9|E1|A11|H4|A8|N4|B|A	1
A5|D1|A12|H11|A8|N3|A|A	5
B9|E1|A3|H4|A11|N5|B|A	1
B10|E1|A11|H6|A11|N2|B|A	5
B9|E1|A10|H7|A11|N6|B|A	2
B5|E1|A3|H2|A11|N3|B|A	3
B2|C1|A1|H3|A2|N1|B2|A	4
B10|E1|A3|H3|A11|N2|B|B	2
A1|E1|A3|H13|A7|N6|A|A	1
A4|D1|A4|H10|A8|N4|A|A	1
A5|D1|A12|H9|A8|N2|B|A	8
B9|E1|A11|H5|A11|N1|B|B	2
B7|C1|A7|H1|A3|N1|A|X	2
B10|E1|A7|H9|A11|N2|B|A	1
B4|E1|A3|H7|A11|N2|B|B	27
B5|E1|A10|H6|A11|N6|B|A	1
A5|D1|A12|H4|A8|N9|A|B	1
B5|E1|A3|H9|A11|N9|B|A	4
B9|E1|A12|H7|A11|N8|B|B	1
B4|E1|A7|H3|A8|N8|B|B	6
B9|E1|A10|H5|A11|N1|B|A	7
B10|E1|A10|H3|A11|N2|B|A	20
A5|D1|A12|H7|A8|N3|A|B	4
A5|D1|A12|H5|A8|N3|A|A	24
B3|E1|A10|H9|A11|N5|A|A	5
B10|E1|A3|H11|A5|N5|B|B	1
B4|E1|A11|H10|A11|N1|B|A	2
A5|D1|A12|H1|A11|N6|A|A	1
B8|E1|A11|H6|A11|N2|B|A	25
A4|E1|A12|H6|A11|N2|A|A	1
A5|D1|A12|H6|A11|N1|A|A	1
B10|E1|A10|H12|A11|N3|B|A	1
B5|E1|A10|H5|A11|N2|B|B	1
B9|E1|A10|H1|A11|N9|B|B	1
A5|D1|A12|H5|A8|NZ|A|A	1
B2|E1|A1|H1|A3|N1|B|A	2
A3|D1|A12|H6|A8|N8|A|A	8
B10|E1|A11|H6|A11|N8|B|B	3
A3|D1|A5|H10|A8|N7|A|A	9
B9|E1|A11|H7|A11|N9|B|A	1
A5|D1|A12|H10|A11|N5|A|B	1
A3|D1|A12|H4|A8|N1|A|A	3
A3|B1|A12|H5|A9|N9|A|A	1
B3|E1|A11|H4|A11|N6|B|A	1
B2|E1|A1|H1|A2|N1|B2|A	84
B5|E1|A3|H11|A11|N2|B|B	1
B4|E1|A8|H3|A11|N6|B|B	1
A3|D1|A7|H11|A8|N9|A|B	1
A3|D1|A4|H1|A8|N2|A|A	116
B7|C1|A7|H1|A2|N2|A|A	1
B4|E1|A10|H3|A11|N3|B|B	1
B9|E1|A12|H11|A11|N9|B|A	3
B10|E1|A3|H14|A11|N5|B|A	3
B3|E1|A3|H6|A11|N2|B|A	2
B5|E1|A10|H3|A11|N2|B|A	2
B4|E1|A12|H4|A11|N6|B|A	2
B10|E1|A11|H3|A8|N6|B|A	1
B3|E1|A6|H5|A11|N2|B|A	1
A3|D1|A5|H3|A8|N3|A|A	4
B8|E1|A11|H3|A11|N8|B|A	6
B8|E1|A10|H7|A11|N3|B|A	2
B5|C1|A7|H1|A3|N1|B1|X	24
B5|E1|A10|H6|A11|N2|B|A	1
A5|D1|A12|H15|A8|N4|A|B	1
B10|E1|A7|H7|A11|N3|B|A	7
A5|D1|A5|H6|A8|N8|A|A	2
A3|D1|A12|H6|A8|N2|B|A	1
B2|C1|A7|H1|A3|N1|A|A	8
A1|E1|A11|H13|A7|N2|B|A	1
A5|D1|A12|H11|A8|N3|A|B	3
B2|C1|A7|H1|A2|N1|A|A	2
B4|E1|A3|H3|A11|N8|B|A	9
A4|E1|A12|H6|A11|N5|A|A	1
B3|E1|A7|H3|A11|N8|B|B	7
B10|E1|A10|H11|A11|N3|B|B	2
B3|E1|A11|H3|A11|N8|B|B	1
B9|E1|A10|H12|A11|N1|B|A	2
A3|D1|A4|H1|A9|N1|B|A	2
B10|E1|A11|H3|A11|N8|B|A	79
B2|C1|A1|H1|A2|N1|B|A	10
B8|E1|A3|H6|A11|N2|B|B	4
B1|E1|A2|H4|A5|N2|B|A	2
B5|E1|A10|H1|A11|N9|B|A	2
B10|E1|A7|H3|A11|N6|B|A	2
B8|E1|A7|H2|A11|N7|A|A	2
B10|E1|A3|H4|A11|N2|B|A	15
B5|E1|A10|H10|A11|N6|B|A	2
B4|E1|A11|H4|A11|N2|B|A	1
B4|E1|A3|H11|A11|N2|B|A	1
B9|E1|A10|H5|A11|N3|B|A	3
A3|E1|A12|H5|A8|N1|A|A	1
B3|E1|A3|H7|A11|N5|B|A	1
B6|C1|A7|H1|A3|N1|B|X	67
B10|E1|A3|H14|A8|N3|B|A	2
B8|E1|A10|H2|A11|N1|A|A	2
A5|D1|A12|H10|A8|N3|A|A	37
B9|E1|A3|H5|A11|N9|B|A	5
B8|E1|A3|H3|A5|N8|B|A	1
A2|E1|A6|H13|A7|N8|A|A	3
B8|E1|A3|H2|A11|N3|B|A	1
A3|D1|A7|H10|A8|N9|A|A	1
B4|E1|A7|H10|A11|N1|A|A	1
A5|D1|A12|H6|A8|N4|A|A	1
B9|E1|A11|H5|A11|N9|B|B	1
B3|E1|A7|H4|A11|N2|B|A	1
B3|D1|A5|H1|A3|N1|B1|X	1
A3|E1|A7|H4|A11|N6|B|A	1
B4|E1|A3|H4|A8|N6|B|B	5
B10|E1|A11|H2|A11|N8|B|A	1
B10|E1|A7|H10|A11|N7|B|B	5
A3|E1|A12|H5|A8|N2|B|A	1
B9|E1|A7|H11|A11|N6|B|B	4
B8|E1|A11|H2|A11|N7|B|B	1
B8|E1|A7|H6|A11|N1|B|A	6
B10|E1|A11|H4|A11|N5|B|A	2
A3|D1|A7|H10|A8|N7|A|A	1
B9|E1|A3|H5|A11|N1|B|B	1
B10|E1|A3|H5|A8|N3|B|A	1
B9|E1|A8|H4|A11|N2|B|A	1
A3|D1|A12|H2|A8|N1|A|B	1
B10|E1|A11|H9|A11|N2|B|A	8
B8|E1|A7|H12|A11|N5|B|A	3
A5|D1|A12|H12|A8|N5|A|A	14
B10|E1|A7|H6|A11|N8|B|A	2
B4|E1|A12|H9|A11|N2|B|B	1
B8|E1|A10|H5|A11|N2|B|B	12
A3|D1|A12|H6|A11|N5|A|A	1
B4|E1|A3|H3|A11|N8|B|B	8
A4|D1|A12|H6|A8|N1|A|A	5
B10|E1|A10|H11|A11|N8|B|A	1
B10|E1|A11|H10|A8|N7|B|A	1
A3|D1|A12|H7|A8|N6|A|A	3
B9|E1|A10|H10|A11|N4|B|A	1
B8|E1|A10|H12|A11|N5|B|A	1
A4|D1|A5|H9|A8|N2|A|A	6
B10|E1|A10|H12|A11|N5|B|B	4
B8|E1|A3|H5|A11|N9|B|B	2
B8|E1|A11|H6|A11|N8|B|A	4
B3|E1|A7|H3|A11|N6|B|B	1
A3|D1|A5|H7|A8|N9|A|B	5
A4|D1|A12|H1|A3|N2|A|X	1
A5|D1|A7|H6|A8|N8|A|A	1
B4|E1|A3|H7|A11|N8|B|A	1
A5|D1|A5|H5|A8|N8|A|A	1
B5|E1|A10|H5|A11|N2|B|A	5
B2|C1|A1|H1|A2|N1|B2|A	13
A4|D1|A12|H5|A8|N2|A|B	3
A3|D1|A12|H7|A8|N9|A|B	3
B4|E1|A3|H3|A8|N8|B|B	14
B4|E1|A10|H2|A11|N3|B|B	1
B8|E1|A8|H3|A11|N2|B|A	1
B4|E1|A3|H6|A11|N8|B|B	2
B9|E1|A10|H3|A11|N7|B|A	2
B9|E1|A11|H4|A11|N8|B|B	4
A4|E1|A3|H1|A11|N9|B|A	9
B5|E1|A10|H11|A11|N3|B|B	1
B9|E1|A7|H7|A11|N2|B|A	1
A3|D1|A5|H7|A8|N6|A|A	1
B9|E1|A3|H10|A11|N3|B|B	3
A3|D1|A11|H3|A8|N2|A|A	73
B9|E1|A11|H6|A11|N4|B|B	1
A3|E1|A7|H5|A8|N8|A|A	3
B5|E1|A11|H4|A11|N6|B|A	4
B10|E1|A3|H8|A8|N4|B|A	1
B9|E1|A10|H7|A11|N9|B|A	6
B2|D1|A1|H1|A2|N1|B|A	1
B8|E1|A10|H3|A11|N8|B|A	7
B9|E1|A11|H5|A11|N4|B|A	1
A5|D1|A5|H3|A8|N3|A|A	1
B4|E1|A10|H5|A11|N2|B|B	39
B5|E1|A10|H4|A11|N6|B|B	1
B10|E1|A12|H5|A11|N9|B|A	4
B9|E1|A11|H7|A11|N6|B|A	1
A5|D1|A12|H1|A8|N4|A|A	1
B9|E1|A11|H7|A11|N4|B|B	3
B5|E1|A11|H9|A11|N9|B|A	2
B4|A1|A5|H1|A3|N1|B1|X	1
B8|E1|A3|H2|A11|N4|B|A	1
B9|E1|A10|H3|A11|N2|B|A	28
B8|E1|A7|H7|A11|N4|B|B	1
A3|D1|A12|H7|A8|N7|A|B	3
A3|D1|A12|H3|A8|N6|A|A	21
B4|D1|A7|H3|A11|N6|A|A	1
A3|D1|A12|H7|A11|N9|A|A	1
A3|D1|A12|H3|A8|N8|A|A	28
B4|E1|A3|H4|A11|N8|B|A	3
B8|E1|A11|H3|A11|N8|B|B	10
B9|E1|A11|H2|A11|N2|B|A	3
B9|E1|A3|H7|A11|N9|B|A	7
B9|E1|A3|H2|A11|N9|B|B	2
A3|D1|A12|H4|A8|N2|A|A	13
B4|E1|A11|H2|A11|N1|B|B	1
B9|E1|A11|H3|A11|N1|B|A	7
B10|E1|A7|H11|A11|N6|B|A	1
B10|E1|A3|H11|A11|N3|B|A	10
A5|D1|A12|H6|A8|N2|A|A	102
B10|E1|A3|H12|A11|N9|B|A	4
A5|D1|A7|H5|A8|N1|A|B	1
B10|E1|A3|H10|A11|N3|B|A	46
B10|E1|A7|H13|A11|N2|B|A	1
B4|E1|A8|H6|A11|N8|B|A	1
A5|D1|A12|H4|A8|N2|A|B	11
B1|E1|A2|H11|A4|N2|B|A	6
B10|E1|A11|H12|A11|N5|B|A	6
B5|E1|A11|H4|A11|N2|B|A	1
A3|D1|A12|H6|A11|N2|A|A	13
B3|E1|A11|H11|A11|N2|A|A	1
A3|E1|A12|H7|A11|N7|B|A	2
B8|E1|A11|H4|A11|N8|B|B	1
B9|E1|A3|H9|A11|N1|B|A	1
B4|E1|A3|H5|A11|N1|B|B	1
A4|D1|A5|H6|A8|N9|A|A	2
A5|E1|A7|H3|A11|N6|B|A	1
A4|D1|A7|H3|A11|N6|A|A	1
B4|E1|A3|H8|A11|N4|B|A	3
A3|D1|A12|H7|A8|N8|A|A	5
B10|E1|A7|H2|A11|N3|B|B	1
B9|E1|A3|H1|A11|N8|B|B	1
A4|D1|A12|H5|A11|N9|A|A	1
B8|E1|A11|H3|A11|N6|B|A	1
B9|E1|A10|H7|A11|N2|B|B	2
B10|E1|A11|H4|A11|N8|B|B	28
B10|E1|A10|H4|A11|N8|B|A	13
B10|E1|A7|H5|A11|N2|B|B	2
B8|E1|A10|H7|A11|N2|B|A	1
B10|E1|A10|H9|A11|N2|B|A	1
B8|E1|A10|H11|A11|N2|B|A	2
B9|E1|A11|H2|A11|N9|B|B	1
B4|E1|A11|H1|A11|N1|B|A	2
A3|D1|A12|H10|A8|N1|A|B	2
B10|E1|A3|H3|A11|N1|B|A	6
A3|D1|A12|H5|A8|N7|A|A	1
A3|E1|A7|H11|A8|N6|A|A	2
B9|E1|A3|H10|A11|N2|B|A	3
A5|D1|A12|H14|A8|N3|A|A	1
B9|E1|A12|H7|A11|N3|B|A	10
B1|E1|A2|H6|A4|N1|B|A	1
B10|E1|A11|H10|A11|N5|B|A	1
A3|D1|A5|H1|A8|N2|A|A	7
B9|E1|A11|H3|A11|N8|B|B	32
B3|E1|A8|H3|A11|N4|B|A	1
B3|E1|A7|H12|A11|N5|B|A	2
B9|E1|A10|H4|A11|N2|B|B	1
B9|E1|A10|H11|A11|N9|B|A	12
B8|D1|A12|H7|A8|N2|A|B	1
B6|C1|A7|H1|A3|N1|A|X	64
B5|E1|A7|H3|A11|N8|B|B	1
B8|E1|A11|H5|A11|N3|B|A	1
A5|E1|A12|H11|A11|N2|B|A	2
B9|E1|A10|H1|A11|N8|B|A	7
B9|E1|A10|H1|A11|N3|B|A	6
A3|D1|A4|H3|A8|N2|A|A	153
A5|D1|A12|H10|A8|N8|A|B	20
B8|E1|A8|H7|A11|N3|B|A	1
B8|E1|A3|H6|A11|N4|B|A	1
B3|E1|A3|H3|A11|N3|B|B	1
B4|E1|A3|H3|A11|N6|B|A	9
B10|E1|A10|H9|A11|N9|B|A	2
B10|E1|A7|H10|A11|N2|B|A	14
B8|E1|A10|H11|A11|N9|A|A	3
B1|E1|A2|H11|A4|N9|B|A	3
B8|E1|A10|H10|A11|N1|B|A	1
B9|E1|A7|H5|A11|N8|B|A	1
B9|E1|A11|H1|A11|N8|B|B	3
B9|E1|A3|H3|A11|N5|B|A	1
A5|D1|A12|H11|A7|N9|A|A	1
B4|E1|A11|H1|A11|N8|B|A	2
B9|E1|A10|H2|A11|N9|B|B	1
A3|D1|A12|H3|A8|N1|A|A	1
B5|E1|A8|H5|A11|N2|B|B	1
B2|A1|A1|H3|A3|N1|B|A	1
B5|E1|A3|H3|A11|N5|B|B	1
B4|E1|A11|H6|A11|N1|B|A	2
A5|E1|A12|H5|A8|N1|A|B	2
B10|E1|A11|H6|A11|N5|B|A	2
B3|E1|A6|H6|A11|N1|B|A	2
B8|E1|A7|H2|A11|N5|B|A	1
B10|E1|A11|H10|A11|N1|B|B	2
A4|D1|A7|H5|A8|N2|A|B	1
A3|D1|A12|H2|A8|N2|A|B	2
B10|E1|A3|H10|A11|N7|B|B	3
A1|E1|A7|H13|A7|N2|B|A	2
B10|E1|A7|H1|A11|N3|B|A	1
B9|E1|A3|H10|A11|N7|B|A	32
B3|E1|A8|H1|A11|N3|B|B	1
B10|E1|A11|H2|A11|N5|B|A	1
A5|D1|A12|H4|A8|N8|A|A	14
A5|D1|A12|H3|A11|N8|A|A	15
B10|E1|A11|H12|A11|N5|B|B	15
B5|E1|A3|H12|A11|N2|B|A	1
B9|E1|A11|H14|A11|N3|B|A	8
B6|C1|A7|H1|A3|N2|B1|X	36
B10|E1|A11|H12|A11|N1|B|A	6
A3|E1|A3|H11|A11|N9|B|A	2
B9|E1|A10|H4|A11|N8|B|A	4
B10|E1|A3|H12|A11|N1|B|A	4
B9|E1|A11|H14|A11|N4|B|A	2
B3|E1|A3|H11|A11|N9|B|A	3
B10|E1|A3|H2|A11|N1|B|B	1
B9|A1|A2|H11|A11|N2|B|A	3
B9|E1|A3|H2|A8|N2|A|A	1
B10|E1|A12|H10|A11|N3|B|A	1
A4|E1|A11|H10|A11|N7|A|B	1
B4|D1|A12|H3|A11|N6|B|A	1
B10|E1|A3|H2|A11|N8|B|A	1
A3|D1|A12|H9|A11|N2|A|B	1
B5|E1|A3|H1|A11|N1|B|A	7
B9|E1|A11|H4|A11|N9|B|A	2
B10|E1|A3|H1|A11|N9|B|A	1
B5|E1|A8|H6|A11|N8|B|A	9
B8|E1|A10|H3|A11|N2|B|B	1
B10|E1|A10|H3|A11|N6|B|B	7
A3|E1|A12|H1|A8|N2|A|A	1
B4|E1|A8|H2|A11|N2|B|B	17
A5|E1|A12|H9|A11|N2|A|A	1
B10|E1|A3|H1|A11|N5|B|A	1
B9|E1|A10|H4|A11|N8|B|B	3
B9|E1|A10|H10|A11|N5|B|A	1
A5|E1|A12|H3|A11|N8|B|A	2
B10|E1|A7|H6|A11|N8|B|B	1
B9|E1|A6|H6|A11|N8|B|B	1
B9|E1|A11|H7|A11|N8|B|B	1
B3|E1|A3|H4|A11|N6|B|A	1
B10|E1|A3|H5|A11|N4|B|A	1
B4|E1|A3|H6|A11|N7|A|A	1
A3|D1|A4|H3|A8|N1|A|A	9
A5|D1|A12|H10|A8|N4|A|A	17
B2|A1|A1|H1|A2|N1|B2|A	579
B3|E1|A10|H2|A11|N1|A|A	1
B10|D1|A3|H11|A11|N5|B|A	4
B10|E1|A10|H6|A8|N8|B|B	1
B9|E1|A3|H6|A11|N5|B|A	4
A3|D1|A5|H7|A8|N9|A|A	4
A4|E1|A3|H10|A11|N7|A|B	1
B5|E1|A3|H6|A11|N1|B|A	2
B5|E1|A10|H9|A11|N9|A|A	2
B9|E1|A3|H5|A11|N9|B|B	3
B8|E1|A7|H6|A11|N8|B|B	2
A5|D1|A12|H12|A8|N8|A|A	2
B5|E1|A10|H7|A11|N8|B|A	1
B9|E1|A10|H1|A11|N6|B|A	2
A5|D1|A12|H2|A8|N2|A|A	3
A5|D1|A12|H12|A11|N9|A|A	1
B9|E1|A10|H9|A11|N2|A|A	1
B10|E1|A10|H3|A11|N8|B|B	6
A4|D1|A5|H6|A8|N2|B|A	5
A3|E1|A7|H11|A11|N6|A|A	1
B9|E1|A11|H10|A11|N3|B|A	2
B9|E1|A11|H3|A11|N2|B|A	9
B9|E1|A10|H9|A11|N5|A|A	1
B4|E1|A10|H5|A11|N5|B|B	29
B4|E1|A11|H4|A11|N1|B|B	1
B10|E1|A10|H6|A11|N1|B|A	5
B1|E1|A2|H6|A4|N2|B|A	6
B10|E1|A3|H1|A11|N3|B|B	1
B10|E1|A3|H2|A11|N3|B|B	2
B3|E1|A10|H11|A11|N9|B|A	2
B10|E1|A7|H11|A11|N9|B|A	5
A3|D1|A7|H3|A8|N2|A|A	148
B8|E1|A8|H6|A11|N8|B|A	3
B7|C1|A7|H3|A2|N2|B|A	1
B9|E1|A3|H4|A11|N4|B|A	1
B8|E1|A11|H7|A11|N3|B|B	5
B10|E1|A3|H9|A11|N2|B|A	7
B9|E1|A8|H3|A11|N2|B|A	1
B10|E1|A11|H2|A11|N3|B|B	3
B4|E1|A3|H12|A11|N5|B|B	1
B9|E1|A3|H3|A8|N8|B|A	3
B10|E1|A10|H10|A11|N9|B|A	2
B10|E1|A3|H10|A11|N5|B|B	20
A3|D1|A5|H1|A8|N4|A|A	5
B10|E1|A11|H5|A8|N6|B|A	1
B9|E1|A11|H1|A11|N2|B|B	1
B9|E1|A11|H5|A11|N2|B|B	5
B10|E1|A11|H2|A11|N1|B|A	1
A3|D1|A12|H3|A8|N8|A|B	31
A3|D1|A12|H7|A11|N3|A|B	1
A5|D1|A12|H2|A8|N9|A|B	2
B4|E1|A7|H4|A11|N6|B|B	10
B9|E1|A11|H12|A11|N5|B|A	44
B9|E1|A7|H2|A11|N1|B|A	5
A5|E1|A12|H3|A8|N8|A|B	1
B10|E1|A12|H7|A11|N3|B|A	1
B3|E1|A3|H1|A11|N1|B|A	1
B9|E1|A11|H4|A11|N6|B|B	26
B4|E1|A12|H4|A8|N7|B|A	1
B4|E1|A7|H10|A11|N7|B|B	2
B8|E1|A7|H3|A11|N5|B|A	1
B10|E1|A11|H1|A11|N5|B|B	1
B5|E1|A3|H10|A11|N4|B|A	1
B9|E1|A11|H3|A8|N8|B|A	1
B4|E1|A7|H4|A8|N6|B|A	1
B10|E1|A3|H11|A11|N1|B|A	3
B8|E1|A7|H3|A11|N1|B|B	1
B9|E1|A10|H6|A11|N2|B|B	3
B10|E1|A3|H5|A11|N8|B|B	1
A3|E1|A3|H1|A11|N6|A|A	1
B10|E1|A3|H3|A11|N6|B|B	17
B10|E1|A10|H5|A8|N2|B|A	1
B4|E1|A3|H1|A11|N2|B|A	2
B10|E1|A7|H11|A11|N3|B|A	1
A3|D1|A12|H5|A8|N3|A|A	13
A3|D1|A5|H11|A8|N3|A|A	8
B8|E1|A10|H6|A11|N3|A|A	1
B10|E1|A11|H3|A11|N3|B|A	1
B5|E1|A10|H3|A11|N5|B|A	4
B8|E1|A10|H8|A11|N4|B|A	1
A5|D1|A12|H4|A8|N5|A|A	2
A4|D1|A5|H6|A8|N1|A|A	1
B9|E1|A7|H14|A11|N6|B|A	1
B10|E1|A3|H7|A11|N7|B|A	6
B3|E1|A7|H4|A11|N6|B|B	1
B6|C1|A7|H3|A3|N2|B1|X	85
B2|A1|A1|H1|A3|N1|B|A	6
B10|E1|A10|H4|A8|N6|B|A	1
B10|E1|A3|H4|A11|N8|B|A	48
B9|E1|A12|H2|A11|N3|B|A	9
B9|E1|A11|H7|A11|N4|B|A	1
B10|E1|A11|H8|A11|N4|B|A	34
A3|D1|A4|H1|A9|N1|A|A	1
B10|E1|A3|H11|A11|N2|B|A	9
B8|E1|A7|H2|A11|N3|B|B	2
B9|E1|A3|H5|A11|N2|B|A	41
A2|D1|A6|H13|A7|N2|A|A	1
B5|E1|A11|H11|A11|N9|B|B	3
B9|E1|A3|H10|A11|N1|B|A	2
B10|E1|A11|H3|A8|N8|B|B	1
A4|E1|A4|H2|A8|N1|A|A	1
B9|E1|A3|H6|A11|N3|B|A	1
A3|D1|A7|H3|A8|N2|A|B	1
A5|D1|A12|H7|A8|N7|B|A	1
B8|E1|A7|H4|A11|N8|B|B	5
B8|E1|A3|H11|A11|N9|B|B	4
B9|E1|A3|H8|A11|N4|B|B	1
B8|E1|A3|H1|A11|N6|B|B	1
B9|E1|A3|H3|A11|N9|B|B	3
B4|E1|A3|H1|A11|N1|B|A	5
A2|E1|A6|H16|A7|N8|A|A	3
B1|E1|A3|H6|A11|N8|B|A	1
A3|E1|A12|H3|A11|N8|A|A	6
B10|E1|A12|H5|A11|N2|B|B	1
A5|D1|A12|H3|A8|N1|A|A	11
B10|E1|A3|H10|A11|N8|B|A	3
B4|E1|A11|H9|A11|N2|B|B	2
B10|E1|A3|H3|A11|N4|B|A	1
B7|C1|A1|H1|A2|N1|B2|A	3
A5|E1|A12|H13|A8|N2|A|A	1
B9|E1|A7|H4|A11|N8|B|B	9
A5|D1|A12|H6|A8|N8|A|A	26
A3|D1|A12|H3|A8|N9|A|A	1
B8|E1|A3|H2|A11|N3|B|B	4
B10|E1|A3|H11|A11|N1|B|B	1
B10|E1|A11|H6|A11|N8|B|A	3
A5|D1|A12|H1|A8|N6|A|A	2
A5|D1|A12|H11|A8|N9|B|A	1
A3|D1|A12|H4|A8|N3|A|A	2
A5|D1|A12|H4|A8|N6|A|A	186
A3|D1|A10|H3|A8|N2|A|A	23
B4|E1|A3|H3|A11|N2|B|A	2
B5|E1|A3|H10|A11|N2|B|A	1
B9|E1|A3|H9|A11|N2|B|A	6
B9|E1|A11|H10|A11|N9|B|A	1
B4|E1|A7|H11|A11|N9|B|A	1
A5|D1|A5|H4|A8|N6|A|A	2
B9|E1|A11|H2|A11|N5|B|A	1
B10|E1|A11|H2|A11|N2|B|B	10
B9|E1|A7|H4|A11|N6|B|B	6
A5|D1|A12|H2|A8|N8|A|A	3
B9|E1|A7|H11|A11|N9|B|A	5
B7|C1|A7|H1|A3|N2|A|X	3
B10|E1|A11|H1|A11|N1|B|A	40
A4|E1|A11|H2|A8|N2|B|A	1
B9|E1|A3|H3|A5|N8|B|A	1
B10|E1|A7|H12|A11|N2|B|A	1
B10|E1|A7|H3|A11|N3|B|A	1
B9|E1|A7|H6|A11|N5|B|A	2
B10|E1|A7|H3|A11|N6|B|B	2
B9|E1|A10|H10|A11|N8|B|B	1
B2|A1|A1|H1|A2|N1|B|A	81
A3|D1|A7|H7|A8|N7|A|A	3
B10|E1|A3|H3|A11|N8|B|B	127
A5|D1|A12|H4|A11|N6|A|A	7
A3|D1|A5|H10|A8|N2|A|A	1
A3|D1|A12|H9|A8|N7|A|A	1
B10|E1|A7|H6|A11|N2|B|A	2
A5|D1|A12|H5|A8|N6|A|A	71
A3|D1|A12|H6|A8|N1|A|A	78
B10|E1|A10|H4|A11|N1|B|A	3
A3|B1|A12|H11|A9|N9|A|A	1
B4|E1|A11|H10|A11|N1|B|B	1
B4|E1|A11|H2|A11|N5|B|B	3
B8|E1|A10|H3|A11|N5|B|A	1
B5|E1|A1|H1|A3|N1|B1|X	46
A4|D1|A12|H2|A8|N2|A|A	2
B10|E1|A7|H1|A11|N8|B|B	2
B10|E1|A7|H11|A11|N3|B|B	1
B9|E1|A3|H11|A11|N3|B|B	1
B3|E1|A11|H4|A11|N2|B|A	2
A3|D1|A7|H5|A8|N2|A|A	2
B1|E1|A2|H4|A4|N2|B|A	2
A3|D1|A4|H1|A11|N2|A|A	98
A3|D1|A12|H1|A8|N1|A|B	8
A3|D1|A12|H5|A11|N3|A|A	1
A3|D1|A12|H3|A8|N2|A|A	24
B5|E1|A6|H6|A11|N1|B|B	2
A4|D1|A7|H6|A8|N1|A|A	1
B10|E1|A6|H13|A7|N6|A|A	1
B3|E1|A8|H1|A11|N1|B|A	1
B10|E1|A10|H8|A11|N4|B|B	1
A4|D1|A10|H6|A8|N2|A|A	1
B10|E1|A3|H2|A11|N3|B|A	8
B7|C1|A7|H1|A8|N1|B|A	2
A3|D1|A11|H9|A8|N2|A|A	18
A3|D1|A5|H9|A8|N6|A|A	1
B4|E1|A10|H6|A11|N8|B|A	8
A5|D1|A12|H5|A8|N1|A|A	310
A3|D1|A5|H1|A8|N8|A|B	1
A3|D1|A5|H4|A8|N2|A|A	14
B4|E1|A3|H9|A11|N2|B|A	1
B9|E1|A3|H5|A11|N4|B|A	2
B2|C1|A1|H3|A2|N2|B|A	17
B8|E1|A7|H6|A11|N8|A|A	1
B2|A1|A1|H3|A2|N2|B|A	37
A3|D1|A12|H2|A8|N2|A|A	12
A5|D1|A5|H3|A8|N6|A|A	1
B4|E1|A7|H11|A11|N2|B|A	1
A3|D1|A4|H1|A11|N1|A|A	184
B9|E1|A10|H1|A11|N5|B|A	3
A4|D1|A12|H7|A8|N9|A|A	3
A5|D1|A12|H9|A6|N9|B|A	1
B5|E1|A3|H4|A11|N6|B|A	1
B4|E1|A7|H9|A11|N2|B|B	1
B8|E1|A10|H9|A11|N1|A|A	1
A5|D1|A12|H1|A8|N2|A|B	8
A3|D1|A12|H4|A8|N5|A|B	1
B10|E1|A7|H3|A11|N3|B|B	1
B5|E1|A3|H7|A11|N3|B|A	2
A4|D1|A12|H6|A8|N2|B|A	4
B2|E1|A1|H2|A2|N2|B|A	2
B9|E1|A10|H1|A11|N9|B|A	17
A3|D1|A12|H5|A8|N8|A|A	169
B8|E1|A11|H3|A11|N2|B|A	24
B4|E1|A7|H10|A11|N2|A|A	2
B10|E1|A3|H7|A8|N3|B|A	2
B4|E1|A3|H6|A11|N2|A|A	1
B10|E1|A12|H5|A11|N1|B|B	1
A3|D1|A12|H10|A8|N3|A|A	6
B10|E1|A11|H1|A11|N6|B|A	1
A3|E1|A12|H5|A11|N2|A|A	296
B3|E1|A10|H5|A11|N2|B|A	1
A3|D1|A12|H4|A8|N6|A|A	63
B10|E1|A12|H3|A8|N6|B|A	1
B9|E1|A10|H7|A11|N7|B|A	1
B9|E1|A7|H1|A11|N2|B|A	2
A4|D1|A7|H6|A8|N2|A|B	3
A4|D1|A7|H3|A8|N8|A|B	2
B9|E1|A3|H4|A11|N9|B|B	1
B9|E1|A10|H10|A11|N3|B|A	4
B8|E1|A11|H6|A11|N8|B|B	2
B4|E1|A7|H11|A11|N3|B|A	1
A5|D1|A12|H11|A8|N9|A|A	71
B2|C1|A1|H1|A2|N2|B2|A	30
A5|E1|A7|H3|A11|N8|B|A	1
B10|E1|A3|H7|A11|N1|B|B	1
B10|E1|A11|H9|A11|N2|B|B	5
B10|D1|A3|H7|A11|N3|B|A	4
B10|E1|A11|H3|A11|N8|B|B	110
B9|E1|A3|H6|A8|N1|B|B	1
B10|E1|A7|H4|A11|N4|B|A	15
A3|D1|A12|H1|A8|N2|A|B	1
B10|E1|A7|H5|A11|N2|B|A	15
A5|E1|A12|H3|A8|N8|A|A	2
B8|E1|A3|H9|A11|N1|B|B	1
B8|E1|A7|H6|A11|N8|B|A	3
B2|C1|A7|H3|A2|N2|B|A	1
B10|E1|A10|H12|A11|N1|B|A	4
A5|D1|A12|H5|A8|N3|B|A	2
B3|E1|A7|H3|A11|N2|B|B	4
B8|E1|A11|H6|A11|N8|A|A	1
B2|A1|A1|H3|A3|N2|B|A	14
A3|D1|A5|H7|A8|N7|A|A	10
B1|E1|A2|H9|A4|N2|B|B	2
B3|E1|A11|H6|A11|N2|B|A	2
B3|E1|A1|H1|A3|N2|B1|X	8
B8|E1|A10|H9|A11|N5|B|A	1
A2|D1|A12|H16|A7|N3|A|A	1
B9|E1|A10|H4|A11|N3|B|A	1
A3|E1|A7|H5|A8|N1|A|A	4
B4|E1|A3|H7|A11|N3|B|B	4
B4|E1|A7|H1|A11|N7|B|A	1
B9|E1|A10|H3|A11|N6|B|A	33
B9|E1|A10|H8|A11|N2|B|A	1
B8|E1|A3|H1|A11|N3|B|A	1
B9|E1|A3|H2|A11|N2|B|A	2
A5|D1|A12|H2|A8|N2|A|B	3
A5|D1|A12|H10|A8|N4|A|B	3
B3|D1|A1|H1|A3|N1|B1|X	12
B4|E1|A8|H4|A11|N6|B|A	1
A3|D1|A12|H6|A8|N8|A|B	3
A5|D1|A12|H10|A8|N9|A|B	2
A3|D1|A12|H2|A8|N9|A|B	1
B10|E1|A11|H5|A11|N2|B|B	52
B4|E1|A3|H1|A11|N4|B|A	2
B8|E1|A3|H6|A11|N6|B|A	1
A5|D1|A12|H11|A8|N8|A|B	2
B9|E1|A3|H11|A11|N2|B|A	13
B10|E1|A10|H11|A11|N9|B|B	5
B8|E1|A7|H6|A11|N4|B|A	4
B9|E1|A8|H5|A11|N1|B|A	1
A5|D1|A12|H5|A8|N8|A|B	1
B9|E1|A11|H9|A11|N1|B|A	1
B9|E1|A7|H7|A11|N9|B|A	1
B8|E1|A7|H2|A11|N1|B|A	1
B10|E1|A3|H2|A11|N2|B|A	2
B9|E1|A10|H7|A11|N3|B|B	2
B10|D1|A12|H13|A7|N2|A|A	2
A3|D1|A5|H4|A11|N8|B|A	4
B3|E1|A8|H3|A11|N2|B|A	2
A3|D1|A4|H3|A3|N2|A|A	2
A5|D1|A5|H9|A8|N6|A|B	1
B9|E1|A3|H10|A11|N6|B|A	1
B8|E1|A7|H4|A11|N3|B|A	1
B10|D1|A3|H3|A11|N8|A|A	1
B2|D1|A1|H1|A2|N1|B2|A	136
A5|D1|A12|H5|A6|N2|B|A	1
A3|D1|A12|H6|A8|N5|A|B	2
B8|E1|A10|H2|A11|N8|A|A	1
A3|D1|A4|H3|A3|N2|A|X	1
B8|E1|A3|H6|A11|N1|B|A	1
B4|E1|A7|H2|A11|N3|B|A	1
B4|E1|A11|H5|A11|N2|B|A	2
B5|E1|A10|H11|A11|N9|B|A	3
A5|D1|A12|H7|A8|N2|A|A	7
B4|E1|A11|H2|A11|N2|B|A	4
B9|E1|A11|H8|A8|N4|B|A	1
A4|D1|A12|H11|A8|N1|A|A	2
B2|C1|A7|H1|A2|N2|B2|A	1
B10|E1|A11|H10|A11|N1|B|A	2
B9|E1|A11|H10|A1|N3|B|A	9
B8|E1|A10|H4|A11|N6|B|B	3
B9|E1|A10|H10|A11|N3|B|B	1
B8|E1|A11|H11|A11|N9|B|B	1
B9|E1|A10|H10|A11|N7|B|B	3
B10|E1|A10|H2|A11|N2|B|B	2
B9|E1|A7|H6|A11|N1|B|A	1
B10|E1|A3|H14|A11|N3|B|A	4
B8|E1|A8|H5|A11|N2|B|B	1
B3|E1|A10|H12|A11|N5|B|A	1
A3|E1|A3|H10|A11|N2|A|A	1
B9|E1|A3|H10|A11|N6|B|B	3
B10|E1|A10|H10|A11|N6|B|B	1
B9|E1|A11|H3|A11|N6|B|A	5
A3|D1|A12|H4|A8|N9|A|A	6
A5|D1|A12|H1|A8|N9|A|A	1
B8|E1|A10|H4|A11|N6|B|A	8
A5|D1|A12|H3|A8|N2|A|B	12
B8|E1|A11|H1|A11|N1|B|B	2
B4|E1|A10|H4|A11|N6|B|B	21
B9|E1|A3|H5|A8|N1|B|A	1
A4|D1|A12|H9|A8|N2|A|A	575
A5|D1|A12|H10|A8|N2|A|B	3
B1|E1|A2|H7|A4|N6|B|A	6
B4|E1|A11|H2|A11|N3|B|A	2
A4|D1|A7|H3|A8|N6|A|B	1
A2|D1|A6|H16|A7|N6|A|A	1
A3|D1|A7|H1|A8|N2|A|B	1
B10|E1|A7|H3|A11|N2|B|B	2
B10|E1|A10|H6|A11|N8|B|A	3
A5|E1|A3|H12|A11|N5|B|A	1
B10|E1|A10|H8|A11|N4|B|A	4
A5|D1|A5|H7|A8|N7|A|A	1
B1|E1|A2|H3|A5|N8|B|A	1
B5|E1|A10|H1|A11|N1|B|B	1
A4|D1|A12|H4|A8|N6|A|B	5
A4|D1|A5|H6|A8|N8|A|B	1
A3|D1|A12|H5|A8|N1|A|A	1537
B9|E1|A3|H10|A11|N3|B|A	2
B8|E1|A11|H3|A11|N5|B|A	1
A5|D1|A5|H9|A8|N2|A|A	793
A3|D1|A12|H2|A11|N7|A|A	1
B5|E1|A3|H5|A11|N2|B|B	4
B6|C1|A7|H3|A3|N2|B|X	70
A5|E1|A7|H6|A11|N1|B|B	2
A3|D1|A12|H4|A8|N2|A|B	12
B9|E1|A3|H7|A11|N4|B|A	7
B4|E1|A8|H6|A11|N2|B|A	1
A4|D1|A5|H10|A8|N3|A|A	1
A3|D1|A12|H6|A8|N6|A|A	5
B5|E1|A11|H3|A11|N8|B|B	1
A2|D1|A6|H16|A7|N8|A|A	1
A4|E1|A7|H5|A11|N2|A|A	1
B8|E1|A10|H4|A11|N2|B|A	2
A5|D1|A12|H6|A8|N6|A|B	3
B9|E1|A3|H6|A11|N8|B|A	6
A4|D1|A12|H5|A8|N1|A|A	6
B9|E1|A3|H4|A11|N2|B|A	10
A5|D1|A5|H9|A8|N8|A|A	2
A4|D1|A12|H1|A8|N1|A|A	6
B10|E1|A12|H6|A11|N8|B|A	1
B3|E1|A10|H3|A11|N8|B|B	4
B10|E1|A10|H10|A11|N4|B|A	1
B10|E1|A3|H5|A11|N3|B|B	2
B9|E1|A3|H9|A8|N1|B|A	3
B4|E1|A3|H5|A11|N2|B|B	18
A3|D1|A7|H4|A8|N2|A|A	1
B10|E1|A3|H5|A11|N2|B|A	35
B9|E1|A3|H9|A11|N2|B|B	2
B3|E1|A3|H3|A11|N2|B|B	1
B4|E1|A10|H6|A11|N1|B|A	5
B9|E1|A3|H12|A11|N6|B|A	1
A3|D1|A5|H9|A8|N2|B|A	1
B6|C1|A1|H3|A2|N2|B|A	1
A5|D1|A12|H4|A8|N8|A|B	3
A3|D1|A12|H4|A11|N2|A|B	1
B9|E1|A7|H2|A11|N9|B|A	1
B8|E1|A10|H2|A11|N3|B|A	2
B10|E1|A12|H5|A11|N2|B|A	4
A4|D1|A12|H6|A8|N6|B|A	9
B9|E1|A7|H5|A11|N2|B|A	6
B8|E1|A3|H4|A11|N2|B|A	4
B5|E1|A3|H10|A11|N9|B|A	1
B8|E1|A3|H11|A11|N9|B|A	9
B2|C1|A7|H3|A3|N1|B2|A	1
A3|D1|A7|H9|A8|N6|A|A	1
B3|E1|A8|H11|A11|N9|B|A	1
A3|D1|A12|H11|A8|N9|A|A	13
B4|E1|A11|H3|A11|N8|B|A	4
B10|E1|A3|H7|A11|N8|B|A	3
B10|E1|A11|H2|A11|N9|B|A	1
B4|E1|A8|H5|A10|N2|B3|B	11
B10|E1|A3|H12|A11|N7|B|A	1
A5|D1|A12|H10|A8|N1|A|B	1
A5|D1|A12|H10|A8|N1|A|A	26
B10|E1|A3|H5|A11|N1|B|A	6
A5|D1|A12|H3|A11|N8|A|B	1
A5|D1|A5|H9|A8|N6|A|A	4
A4|D1|A12|H5|A8|N6|A|X	3
B3|E1|A8|H1|A3|N1|B1|X	8
A3|D1|A5|H6|A8|N8|A|A	1
A3|D1|A12|H10|A8|N4|A|B	5
A4|D1|A4|H2|A8|N2|A|A	3
A5|D1|A12|H1|A11|N3|A|A	4
B4|E1|A7|H6|A11|N8|A|A	1
B9|E1|A11|H11|A11|N1|B|A	1
B4|D1|A3|H9|A11|N2|B|B	1
B9|E1|A3|H6|A11|N8|B|B	1
B10|E1|A11|H4|A8|N6|B|B	1
A5|D1|A12|H11|A6|N7|B|A	1
B4|E1|A11|H11|A11|N9|B|B	2
B9|E1|A3|H7|A11|N2|B|A	3
A4|D1|A10|H3|A8|N2|A|A	2
B4|E1|A7|H4|A11|N2|B|A	2
B1|E1|A2|H3|A4|N6|B|A	1
B9|E1|A12|H3|A11|N3|B|A	1
B9|A1|A1|H1|A3|N1|B|A	1
B9|E1|A11|H11|A11|N2|B|B	2
B10|E1|A7|H3|A11|N2|B|A	4
B8|E1|A12|H1|A3|N1|B1|A	3
A5|D1|A12|H6|A8|N6|A|A	72
B3|E1|A8|H12|A11|N4|B|A	1
A3|D1|A4|H3|A3|N2|B|X	1
B9|E1|A3|H1|A11|N1|B|B	8
B10|E1|A7|H9|A11|N2|B|B	1
B1|E1|A2|H5|A4|N3|B|B	2
B4|E1|A3|H6|A11|N2|B|A	4
A3|D1|A12|H4|A11|N7|A|A	2
A4|D1|A12|H7|A8|N3|A|A	6
A5|D1|A12|H3|A8|N5|A|B	1
B5|E1|A3|H6|A11|N1|B|B	1
B9|E1|A10|H6|A11|N1|B|A	15
B10|E1|A3|H10|A5|N5|B|B	10
A5|D1|A5|H3|A8|N8|A|A	2
B9|E1|A10|H6|A11|N8|B|B	1
B4|E1|A7|H10|A8|N9|B|A	1
B10|E1|A3|H10|A11|N2|B|A	9
A4|D1|A12|H10|A8|N7|A|A	1
B8|E1|A3|H3|A11|N1|B|B	1
B8|E1|A7|H9|A11|N1|B|A	1
A5|E1|A12|H5|A8|N1|A|A	1
A3|D1|A12|H6|A11|N8|B|A	2
B9|E1|A7|H3|A11|N9|B|A	1
B9|E1|A10|H5|A11|N2|B|B	4
B8|E1|A10|H2|A11|N1|B|A	1
B10|E1|A10|H2|A11|N5|B|A	2
A5|D1|A12|H7|A8|N8|A|A	3
B8|E1|A10|H11|A11|N9|B|B	4
B10|E1|A3|H3|A8|N8|B|A	3
B8|E1|A12|H6|A11|N8|B|B	3
B10|E1|A11|H9|A11|N1|B|B	1
B10|E1|A7|H6|A11|N1|B|A	4
B5|E1|A10|H6|A11|N9|B|A	1
B4|E1|A3|H1|A11|N3|B|A	2
A3|D1|A7|H7|A8|N3|A|B	1
B9|E1|A10|H9|A11|N8|B|A	1
B10|E1|A11|H11|A11|N2|B|A	7
A5|D1|A12|H11|A8|N2|A|A	13
B10|E1|A12|H2|A11|N3|B|A	14
A3|D1|A5|H10|A8|N3|A|A	3
B9|E1|A7|H3|A11|N6|B|B	1
B9|E1|A11|H1|A11|N9|B|B	1
B3|E1|A3|H6|A11|N1|B|A	1
A5|D1|A12|H5|A8|N8|A|X	1
B10|E1|A3|H12|A11|N5|B|A	25
B10|E1|A10|H6|A11|N9|B|A	1
A5|D1|A12|H5|A8|N9|A|A	6
B3|E1|A8|H6|A11|N8|B|B	1
B4|E1|A3|H12|A11|N5|B|A	2
A3|D1|A12|H1|A8|N5|A|B	1
A5|E1|A12|H4|A8|N6|B|A	1
B8|E1|A10|H5|A11|N2|B|A	7
B9|E1|A3|H3|A11|N4|B|A	1
B5|E1|A10|H9|A11|N2|A|A	1
A5|E1|A3|H3|A11|N8|A|B	2
B4|E1|A3|H11|A11|N9|B|A	6
A3|D1|A4|H3|A8|N2|B|A	18
A5|E1|A12|H5|A11|N3|B|A	1
B9|E1|A3|H2|A11|N6|B|B	1
B8|E1|A11|H1|A11|N6|B|A	1
A5|D1|A12|H2|A8|N7|A|A	13
A5|E1|A7|H4|A8|N6|A|A	1
B5|E1|A3|H1|A11|N5|B|A	1
B8|E1|A11|H4|A11|N6|B|B	5
B10|E1|A10|H3|A11|N3|B|A	2
B2|D1|A1|H3|A2|N2|B|A	1
B1|E1|A2|H7|A4|N6|B|B	2
B9|E1|A10|H10|A11|N8|B|A	1
B9|E1|A11|H4|A11|N3|B|A	2
B8|E1|A10|H6|A11|N2|B|A	3
A5|D1|A5|H5|A8|N1|A|B	1
A4|D1|A12|H9|A8|N2|A|B	1
A4|D1|A5|H5|A8|N6|A|A	7
A5|D1|A12|H9|A11|N2|A|B	1
B9|E1|A3|H5|A11|N8|B|B	1
B8|E1|A3|H11|A8|N2|B|A	1
B9|E1|A10|H5|A11|N2|B|A	53
B10|E1|A10|H10|A11|N3|B|A	3
B10|E1|A10|H1|A11|N8|B|A	3
A5|D1|A12|H9|A11|N2|A|A	1
A4|D1|A12|H11|A8|N9|A|A	1
B3|E1|A8|H12|A11|N5|B|A	1
B8|E1|A7|H7|A11|N5|B|A	1
B9|A1|A3|H1|A11|N1|B|B	1
B10|E1|A11|H10|A11|N2|B|B	2
B5|E1|A3|H9|A11|N5|B|A	1
A4|D1|A12|H6|A8|N2|A|A	22
B7|C1|A7|H1|A2|N2|B|A	4
B2|D1|A1|H3|A2|N2|B2|A	1
A4|D1|A12|H10|A8|N4|A|A	3
B3|E1|A10|H13|A11|N9|B|A	1
B4|E1|A11|H3|A11|N1|B|B	2
B8|E1|A1|H1|A3|N1|B1|X	24
A5|D1|A12|H2|A8|N1|A|B	1
B3|E1|A10|H6|A11|N1|B|A	1
B8|E1|A10|H4|A11|N2|B|B	4
A5|E1|A7|H3|A11|N8|B|B	4
B9|E1|A10|H7|A11|N4|B|A	1
B5|E1|A8|H6|A11|N8|A|A	1
B9|E1|A7|H11|A11|N2|B|A	1
B3|E1|A3|H5|A11|N2|B|B	1
B3|E1|A5|H1|A3|N1|B1|X	7
B9|E1|A12|H1|A3|N1|B|A	2
B4|E1|A10|H4|A11|N2|B|A	1
B9|E1|A11|H2|A11|N1|B|A	3
B8|E1|A3|H6|A11|N1|B|B	1
B8|E1|A3|H6|A11|N8|B|A	1
B10|E1|A11|H7|A11|N9|B|A	3
B3|E1|A8|H6|A11|N8|B|A	15
B10|E1|A11|H7|A8|N1|B|A	2
B3|E1|A1|H1|A3|N1|B1|X	126
B8|E1|A11|H7|A11|N1|B|A	1
A5|D1|A12|H6|A8|N9|A|A	1
B3|E1|A10|H11|A11|N2|B|B	1
B10|E1|A3|H11|A8|N9|B|B	1
B3|E1|A8|H7|A11|N2|B|B	11
A3|D1|A12|H3|A11|N5|A|A	1
A5|D1|A12|H5|A8|N7|A|B	1
B3|E1|A7|H1|A11|N2|B|A	1
B6|C1|A7|H1|A3|N2|A|X	56
B10|E1|A11|H7|A11|N1|B|A	2
A3|D1|A12|H9|A8|N2|B|A	1
B8|E1|A10|H6|A11|N8|A|A	3
B8|E1|A10|H5|A11|N3|A|A	1
B9|E1|A7|H12|A11|N2|B|B	1
A3|E1|A3|H1|A11|N9|B|A	1
A5|D1|A12|H8|A8|N8|A|A	1
B8|E1|A10|H6|A11|N2|B|B	1
A4|D1|A12|H6|A8|N6|A|B	1
A5|D1|A12|H10|A8|N7|A|A	60
A3|D1|A5|H12|A8|N7|A|B	1
B10|E1|A3|H4|A8|N8|B|A	1
B10|E1|A3|H6|A11|N1|B|B	8
B9|E1|A3|H4|A11|N6|B|B	20
B10|E1|A3|H12|A11|N5|B|B	6
B9|E1|A11|H1|A11|N2|B|A	2
B9|E1|A11|H11|A11|N9|B|A	27
B9|E1|A10|H1|A11|N1|B|A	13
A3|D1|A12|H9|A8|N2|A|B	3
A5|D1|A12|H5|A8|N2|A|A	252
B4|E1|A11|H7|A11|N3|B|B	2
B1|E1|A2|H12|A4|N5|B|A	1
B10|E1|A12|H4|A11|N6|B|B	1
B9|E1|A7|H11|A11|N9|B|B	9
B10|E1|A11|H4|A11|N8|B|A	6
B8|E1|A10|H9|A11|N5|A|A	1
B4|E1|A3|H1|A11|N1|B|B	2
B10|E1|A3|H5|A11|N2|B|B	11
A5|D1|A5|H1|A8|N2|A|A	2
A5|D1|A12|H3|A8|N8|B|A	3
B10|E1|A10|H4|A11|N8|B|B	3
B10|E1|A7|H10|A11|N1|B|A	16
B7|C1|A7|H3|A3|N2|B|X	4
B8|E1|A11|H7|A11|N3|B|A	9
B9|E1|A3|H4|A11|N8|B|A	38
A3|D1|A12|H1|A8|N1|A|A	12
A5|D1|A5|H6|A8|N6|B|A	1
B7|C1|A7|H1|A8|N1|A|A	2
B10|E1|A7|H4|A8|N6|B|A	2
A3|D1|A12|H10|A8|N7|A|A	14
B9|E1|A11|H9|A11|N2|B|B	1
B9|E1|A3|H11|A11|N8|B|A	3
B10|E1|A7|H6|A11|N5|B|A	5
B4|E1|A10|H5|A11|N5|B|A	1
B8|E1|A1|H1|A3|N2|B1|X	2
A5|D1|A12|H1|A8|N2|A|A	8
A5|D1|A12|H6|A8|N2|A|B	28
A4|E1|A12|H7|A11|N1|B|A	5
A3|D1|A12|H2|A11|N1|A|B	3
B8|E1|A11|H6|A11|N6|B|A	3
B3|E1|A7|H5|A11|N1|B|A	1
B9|E1|A12|H3|A11|N8|B|A	7
B8|E1|A7|H3|A11|N8|B|B	56
B8|E1|A7|H7|A11|N3|B|B	3
B9|E1|A11|H1|A11|N1|B|A	22
B3|E1|A10|H10|A11|N5|B|A	1
B10|E1|A3|H11|A8|N9|B|A	1
B10|D1|A3|H9|A11|N5|B|A	1
B9|E1|A10|H3|A11|N9|B|A	1
B3|E1|A10|H4|A11|N8|B|B	1
A4|D1|A4|H2|A8|N3|A|A	8
B8|E1|A7|H4|A11|N2|B|A	3
B9|E1|A3|H4|A8|N2|B|A	4
B4|E1|A3|H3|A11|N6|B|B	3
B10|E1|A12|H3|A11|N8|A|B	1
B10|E1|A11|H2|A11|N6|B|A	1
B3|E1|A12|H6|A11|N1|B|B	1
B10|E1|A3|H7|A11|N2|B|A	1
B8|E1|A10|H11|A11|N1|A|A	6
B10|E1|A3|H4|A11|N6|B|A	150
B7|C1|A7|H1|A3|N1|B|X	13
B8|E1|A10|H3|A11|N1|B|A	2
A3|D1|A5|H4|A8|N3|A|A	1
B9|E1|A10|H11|A11|N3|B|A	3
A3|D1|A7|H9|A8|N2|A|A	2
B9|E1|A3|H6|A11|N1|B|A	34
B7|C1|A7|H3|A2|N2|B2|A	2
B9|E1|A7|H1|A11|N3|B|A	3
B4|E1|A10|H3|A11|N8|B|B	6
B8|E1|A3|H6|A11|N8|B|B	6
A5|D1|A5|H9|A8|N2|B|A	1
A3|B1|A12|H7|A9|N2|A|A	1
B1|E1|A2|H2|A4|N2|B|A	1
B4|E1|A10|H11|A11|N1|B|A	10
A3|D1|A12|H4|A11|N9|A|A	1
B10|E1|A3|H3|A8|N8|A|B	1
A5|D1|A12|H9|A8|N5|A|A	1
A5|D1|A12|H3|A11|N2|B|B	1
A3|D1|A12|H10|A8|N2|A|A	1
B2|C1|A1|H3|A3|N2|B|A	8
B3|E1|A6|H11|A11|N2|B|A	7
B9|E1|A10|H1|A11|N1|B|B	11
A3|D1|A7|H9|A8|N2|A|B	26
B5|E1|A1|H1|A3|N1|B1|A	1
B10|E1|A11|H1|A11|N3|B|B	1
B9|E1|A10|H10|A11|N9|B|A	13
B9|E1|A11|H6|A11|N5|B|B	3
B4|E1|A11|H3|A8|N8|B|B	1
B9|E1|A3|H4|A11|N9|B|A	1
A2|E1|A12|H13|A7|N6|A|A	16
B8|E1|A7|H11|A11|N9|B|A	4
B10|E1|A12|H5|A11|N9|A|A	1
B10|E1|A3|H10|A11|N9|B|A	5
A5|D1|A12|H1|A8|N8|A|A	1
B8|E1|A3|H6|A11|N2|B|A	3
B9|E1|A7|H3|A11|N1|B|A	1
B4|E1|A3|H2|A11|N9|B|A	3
B3|E1|A7|H4|A11|N6|B|A	2
B9|E1|A3|H11|A11|N3|B|A	6
B8|E1|A3|H4|A11|N1|B|A	1
B9|E1|A11|H7|A11|N3|B|B	4
B10|E1|A11|H6|A11|N5|B|B	2
B10|E1|A11|H10|A11|N4|B|A	1
A5|E1|A12|H6|A11|N1|B|B	1
A5|D1|A12|H7|A8|N7|A|B	17
B10|E1|A10|H5|A11|N9|B|A	1
B10|E1|A10|H10|A11|N8|B|A	2
A3|D1|A5|H7|A8|N3|A|A	48
A3|B1|A12|H9|A9|N5|A|A	1
B1|E1|A2|H5|A4|N3|B|A	1
B10|E1|A3|H11|A11|N5|B|B	5
B8|E1|A8|H11|A11|N9|B|A	3
A5|D1|A12|H5|A8|N1|A|X	4
A3|E1|A12|H1|A11|N1|B|B	1
B3|E1|A8|H4|A11|N6|B|A	1
A3|D1|A4|H1|A11|N2|A|X	1
B5|E1|A10|H3|A11|N2|B|B	1
B10|E1|A3|H1|A11|N1|B|B	20
B8|E1|A10|H6|A11|N8|B|A	1
B10|E1|A10|H11|A11|N2|B|A	2
B2|C1|A7|H1|A2|N2|B|A	1
A3|D1|A12|H3|A8|N7|A|A	1
B10|E1|A7|H3|A11|N1|B|B	1
B10|E1|A3|H7|A11|N4|B|A	3
B3|E1|A10|H1|A11|N9|B|B	1
B3|E1|A10|H6|A11|N8|A|B	1
B8|E1|A3|H9|A8|N7|B|A	1
A2|E1|A12|H13|A7|N8|A|A	3
B4|E1|A8|H1|A11|N2|B|A	1
B2|E1|A1|H1|A2|N2|B2|A	2
B8|E1|A3|H7|A11|N3|B|B	2
B10|E1|A3|H11|A11|N9|B|B	12
A3|D1|A5|H10|A8|N8|A|A	5
B10|E1|A7|H12|A11|N5|B|A	6
B9|E1|A10|H12|A11|N5|B|B	1
A5|D1|A12|H6|A8|N1|A|A	24
B10|E1|A3|H9|A11|N6|B|A	1
B10|E1|A11|H5|A11|N9|B|A	1
B1|E1|A2|H4|A4|N8|B|A	1
B4|E1|A3|H4|A11|N2|B|A	2
B3|E1|A8|H6|A11|N2|B|A	3
B4|E1|A7|H3|A11|N6|B|A	1
B10|E1|A7|H11|A11|N9|B|B	3
A5|D1|A12|H7|A11|N5|A|B	1
B5|E1|A3|H11|A11|N2|B|A	5
A5|D1|A12|H4|A8|N2|A|A	27
A5|D1|A7|H4|A8|N6|A|A	3
A5|D1|A12|H12|A8|N8|A|B	1
A3|D1|A12|H12|A8|N5|A|A	1
B10|E1|A11|H6|A11|N9|B|B	1
B4|E1|A8|H2|A11|N3|B|A	1
B10|E1|A7|H7|A11|N2|B|A	2
